r6k/pp2r2p/4Rp1Q/3p4/8/1N1P2R1/PqP2bPP/7K b - - 0 24,f2g3 e6e7 b2b1 b3c1 b1c1 h6c1
5rk1/1p3ppp/pq3b2/8/8/1P1Q1N2/P4PPP/3R2K1 w - - 2 27,d3d6 f8d8 d6d8 f6d8
r2qr1k1/b1p2ppp/pp4n1/P1P1p3/4P1n1/B2P2Pb/3NBP1P/RN1QR1K1 b - - 1 16,b6c5 e2g4 h3g4 d1g4
4r3/1k6/pp3r2/1b2P2p/3R1p2/P1R2P2/1P4PP/6K1 w - - 0 35,e5f6 e8e1 g1f2 e1f1
r4rk1/pp3ppp/2n1b3/q1pp2B1/8/P1Q2NP1/1PP1PP1P/2KR3R w - - 0 15,g5e7 a5c3 b2c3 c6e7
r1bqk2r/pp1nbNp1/2p1p2p/8/2BP4/1PN3P1/P3QP1P/3R1RK1 b kq - 0 19,e8f7 e2e6 f7f8 e6f7
5r1k/5rp1/p7/1b2B2p/1P1P1Pq1/2R1Q3/P3p1P1/2R3K1 w - - 0 41,e3g3 f7f4 e5f4 f8f4
3R4/8/K7/pB2b3/1p6/1P2k3/3p4/8 w - - 4 58,a6a5 e5c7 a5b4 c7d8
4r3/5pk1/1p3np1/3p3p/2qQ4/P4N1P/1P3RP1/7K w - - 6 34,d4b6 f6e4 h1g1 e4f2
r2q1rk1/5ppp/1np5/p1b5/2p1B3/P7/1P3PPP/R1BQ1RK1 b - - 1 17,d8f6 d1h5 h7h6 h5c5
2kr3r/pp3p2/4p2p/1N1p2p1/3Q4/1P1P4/2q2PPP/5RK1 b - - 1 20,b7b6 d4a1 a7a5 f1c1
4r1k1/5ppp/r1p5/p1n1RP2/8/2P2N1P/2P3P1/3R2K1 b - - 0 21,e8e5 d1d8 e5e8 d8e8
1qr2rk1/pb2bppp/8/8/2p1N3/P1Bn2P1/2Q2PBP/1R3RK1 b - - 3 23,b8c7 b1b7 c7b7 e4f6 e7f6 g2b7
2r3k1/2r4p/4p1p1/1p1q1pP1/p1bP1P1Q/P6R/5B2/2R3K1 b - - 5 34,c4e2 h4h7 c7h7 c1c8 g8g7 c8c7
5r1k/pp4pp/5p2/1BbQp1r1/6K1/7P/1PP3P1/3R3R w - - 2 26,g4h4 c5f2 g2g3 f2g3
2r3k1/p1q2pp1/Q3p2p/b1Np4/2nP1P2/4P1P1/5K1P/2B1N3 b - - 3 33,c7b6 a6c8 g8h7 c8b7
1rb2rk1/q5P1/4p2p/3p3p/3P1P2/2P5/2QK3P/3R2R1 b - - 0 29,f8f7 c2h7 g8h7 g7g8q
r4rk1/p3ppbp/Pp1q1np1/3PpbB1/2B5/2N5/1PPQ1PPP/3RR1K1 w - - 4 18,f2f3 d6c5 g1h1 c5c4
k1r1b3/p1r1nppp/1p1qpn2/2Np4/1P1P4/PQRBPN2/5PPP/2R3K1 w - - 0 19,d3a6 b6c5 a6c8 c5c4
8/4R1k1/p5pp/3B4/5q2/8/5P1P/6K1 b - - 5 40,g7f6 e7f7 f6e5 f7f4
r3kb1r/pppqpn1p/5p2/3p1bpQ/2PP4/4P1B1/PP3PPP/RN2KB1R w KQkq - 1 11,b1c3 f5g4 h5g4 d7g4
r7/2p2r1k/p2p1q1p/Pp1P4/1P2P3/2PQ4/6R1/R5K1 b - - 2 28,f7g7 e4e5 f6g6 g2g6
r3brk1/5pp1/p1nqpn1p/P2pN3/2pP4/2P1PN2/5PPP/RB1QK2R b KQ - 4 16,c6e5 d4e5 d6e7 e5f6
r3kb1r/ppq2ppp/4pn2/2Ppn3/1P4bP/2P2N2/P3BPP1/RNBQ1RK1 b kq - 2 10,f8e7 f3e5 c7e5 e2g4
3r1rk1/1b1n1pp1/3p4/p4PPQ/4P3/3q1BN1/8/2R2RK1 b - - 1 28,d7e5 f5f6 e5f3 f1f3
r3qrk1/2p2pp1/p2bpn1p/2ppNb2/3P1P2/1PP1P1B1/P2N2PP/R2Q1RK1 b - - 0 14,f5g4 e5g4 f6g4 d1g4
r3kbnr/ppp1qppp/2n5/3pP3/5B2/4PQ2/PPP2PPP/RN2KB1R w KQkq - 1 7,f1b5 e7b4 b1c3 b4b2
r4rk1/pp3ppp/3p1q2/P1P1p3/2B5/2B2n2/2P2P1P/R2Q1RK1 w - - 0 16,g1h1 f6f4 d1f3 f4f3
8/6p1/2B1bn2/6k1/3B4/6K1/4P3/8 b - - 4 44,e6d5 d4f6 g5f5 c6d5
r6k/q1pb1p1p/1b3Pr1/p1ppP2Q/3P2p1/4B3/PP2NRPP/3R2K1 b - - 1 25,d7e6 e2f4 c5d4 f4g6 f7g6 h5h6
r2r2k1/1p2qppp/2n1p3/5n2/p2P4/P2Q1N2/BP3PPP/2R1R1K1 w - - 4 20,d3f5 e6f5 e1e7 c6e7
2nk4/8/2PBp1n1/1pK1P1p1/1P4P1/8/8/8 b - - 2 42,g6h4 c5b5 h4g2 b5a6 g2e3 a6b7
1r5r/p3kp2/4p2p/4P3/3R1Pp1/6P1/P1P4P/4K2R w K - 1 25,d4a4 b8b1 e1f2 b1h1 a4a7 e7f8
6k1/3bqr1p/2rpp1pR/p7/Pp1QP3/1B3P2/1PP3P1/2KR4 w - - 6 22,d4a7 e7g5 c1b1 g5h6
2r5/pR5p/5p1k/4p3/4r3/B4nPP/PP3P2/1K2R3 w - - 0 27,e1e4 f3d2 b1a1 c8c1
r1bqk1nr/1pp2ppp/p1pb4/4p3/3PP3/5N2/PPP2PPP/RNBQ1RK1 b kq - 0 6,d8f6 d4e5 d6e5 c1g5 f6d6 f3e5 d6d1 f1d1
8/r1b1q2k/2p3p1/2Pp4/1P2p1n1/2B1P3/NQ6/2K4R b - - 1 36,h7g8 h1h8 g8f7 h8h7 f7e8 h7e7
rn3rk1/p5pp/3N4/4np1q/5Q2/1P3K2/PB1P2P1/2R4R w - - 0 25,f3f2 e5d3 f2e3 d3f4 h1h5 f4h5
r3kb1r/p4ppp/b1p1p3/3q4/3Q4/4BN2/PPP2PPP/R3K2R b KQkq - 0 11,c6c5 d4a4 a6b5 a4b5
1R6/1p2k2p/p2n2p1/4K3/8/6P1/P6P/8 w - - 10 37,b8h8 d6f7 e5e4 f7h8
r1b1k2N/ppp3pp/2n5/2bp4/7q/1B4n1/PPPP1P1P/RNBQ1RK1 w q - 0 10,f1e1 g3e4 e1e4 d5e4 d1h5 h4h5 b3f7 h5f7
6rk/pp6/2n5/3ppn1p/3p4/2P2P1q/PP3QNB/R4R1K w - - 2 29,f1g1 f5g3 f2g3 g8g3
r1bqk2r/pp1nbppp/3p4/1B1p4/3P1B2/8/PPP2PPP/R2QK1NR w KQkq - 2 9,g1f3 d8a5 d1d2 a5b5
r2qr1k1/ppp2ppp/4b3/3P4/1nP2Q2/2N2N1P/PP3KP1/R4R2 w - - 1 15,d5e6 b4d3 f2g1 d3f4
2r2rk1/6pp/3Q1q2/8/3N1B2/6P1/PP1K3P/R4b2 w - - 0 24,a1f1 f6d6 f4d6 f8f1
3r2k1/4nppp/pq1p1b2/1p2P3/2r2P2/2P1NR2/PP1Q2BP/3R2K1 b - - 0 24,d6e5 d2d8 b6d8 d1d8
rnbqkb1r/pppp2pp/8/4P3/2B5/4p3/PPPP2PP/R1BQK1NR w KQkq - 0 7,d1f3 d8h4 e1d1 h4c4
4r3/p5k1/2p2R1p/2Pp4/1P1pr1P1/P6P/8/3R3K w - - 1 35,f6c6 e4e1 d1e1 e8e1 h1g2 d4d3
4qk2/1b3rR1/p7/1p2Q3/4P2P/P2P3K/2r5/3R4 w - - 5 41,g7f7 e8f7 e5h8 f8e7
r1bk2r1/ppq2pQp/3bpn2/1BpnN3/5P2/1P6/PBPP2PP/RN2K2R w KQ - 3 13,e5f7 d8e7 g7g8 f6g8
8/7R/5p2/p7/7P/2p5/3k2r1/1K2N3 w - - 3 48,e1g2 c3c2 b1a2 c2c1q h7d7 d2e2
2kr2r1/1bp4n/1pq1p2p/p1P5/1P3B2/P6P/5RP1/RB2Q1K1 w - - 3 26,e1f1 d8d1 f1d1 g8g2 g1f1 g2g1 f1e2 g1d1
5rk1/5ppp/1p6/1qp2P1Q/3p3P/6R1/6PK/8 b - - 0 30,c5c4 g3g7 g8g7 f5f6 g7f6 h5b5
1r4k1/p4ppp/2Q5/3pq3/8/P6P/2PR1PP1/Rr4K1 w - - 1 26,a1b1 b8b1 d2d1 b1d1
r4rk1/3q1pbp/p1n1p1p1/2p3NP/1p3B2/3P3Q/PPP3P1/R3R1K1 b - - 2 19,d7d4 f4e3 d4f6 e1f1 f6e5 h5g6 e5e3 h3e3
8/4kr2/R2p4/1p1Pp1p1/5p2/3K1P2/PPP5/8 b - - 0 39,g5g4 a6a7 e7f6 a7f7 f6f7 f3g4
4rr1k/pQpn2pp/3p1q2/8/8/2P5/PP3PPP/RN3RK1 w - - 1 16,b7c7 f6f2 f1f2 e8e1 f2f1 e1f1
3q2k1/2r5/pp3p1Q/2b1n3/P3N3/2P5/1P4PP/R6K b - - 0 24,c7d7 e4f6 d8f6 h6f6
8/2k3n1/3p2p1/1KpP2Pp/2P4P/7B/8/8 w - - 0 57,b5a6 c7d8 a6b5 g7f5
6k1/p3b2p/1p1pP3/2p3P1/1Pnp3B/P6P/3Q3K/8 w - - 0 38,b4c5 c4d2 c5c6 d6d5 g5g6 e7d6
5rk1/1p2p1rp/p2p4/2pPb2R/2P1P3/1P1BKP1R/8/8 b - - 4 30,g7g3 h3g3 e5g3 h5g5 g8f7 g5g3
r1b2rk1/p3pp2/2B4b/2Qpq3/3N2pp/4P3/2P2PPP/1R2K2R b K - 1 23,h6e3 f2e3 e5e3 e1d1
3r1rk1/1pR3pp/p2bp3/1q2Np2/3P4/1P5Q/5PPP/4R1K1 w - - 2 27,c7g7 g8g7 h3g3 g7h8
r6k/2q3pp/8/2p1n3/R1Qp4/7P/2PB1PP1/6K1 b - - 0 32,e5c4 a4a8 c7b8 a8b8
2rr4/2N2pk1/p1Q1b1pp/1p4q1/3pP3/1B1P4/PPP3PP/6RK w - - 7 25,c7e6 f7e6 c6b7 g7h8
r5k1/2p1pp2/pp4p1/1q1r4/5P2/2QP2R1/PP6/1K4R1 b - - 0 32,d5h5 g3g6 f7g6 g1g6 g8f7 c3g7 f7e8 g7g8 e8d7 g8e6 d7d8 g6g8
r1b1qrk1/pp1n1pbp/2pp1np1/4p3/2PP1B2/2NBPN1P/PP3PP1/R2Q1RK1 w - - 0 10,d4e5 d6e5 f4h2 e5e4
8/8/1p1k1p1p/3npp2/2B5/PP1K1PP1/7P/8 b - - 0 36,f5f4 c4d5 f4g3 h2g3 d6d5 g3g4
8/8/5pp1/3K3p/3N2kP/8/8/8 w - - 2 62,d5e6 g6g5 h4g5 f6g5 e6d5 h5h4 d5e4 h4h3 d4f3 g4g3
1r6/pp2kpp1/2n1p1n1/3p2PQ/5P2/2PqP3/PP1N4/2KR3R w - - 3 27,h5h7 c6b4 c3b4 b8c8 d2c4 c8c4
8/3k4/1K1P4/2P3r1/R7/5b2/8/8 b - - 0 68,g5g8 a4a7 d7e6 a7e7 e6d5 d6d7
r1r3k1/ppq3bQ/4p2p/4n3/3p4/2P5/PBB2PPP/4R1K1 b - - 2 24,g8f8 b2a3 f8f7 c2d1 c8h8 d1h5 f7f6 h7e4
6k1/pp3pp1/2p1q1Pp/3b4/8/6Q1/PB3Pp1/3RrNK1 b - - 2 27,e1d1 g3b8 e6e8 b8e8
r2q1r1k/2p3p1/pb2Q2p/1p1p1n2/8/1BP5/PP1B1PPP/3RR1K1 w - - 3 20,b3d5 b6f2 g1f2 f5d4 f2g1 d4e6
r1q3k1/4bppp/pp2pn2/4B3/8/2N2Q2/PPPR1PPP/6K1 b - - 0 18,f6d7 d2d7 c8d7 f3a8
7r/pppk4/2pb1r2/8/2NP2p1/2P5/PP2RPP1/4R1K1 w - - 2 26,c4d6 f6h6 f2f4 g4g3 e2e7 d7d6 g1f1 h6h1
5rk1/R4pp1/1p5p/3Q4/1PPp2q1/3P2P1/5P2/4nK2 w - - 0 34,f1e1 f8e8 e1f1 g4h3 d5g2 e8e1 f1e1 h3g2
1r6/5k2/2p1pNp1/p5Pp/1pQ1P2P/2P4R/KP3P2/3q4 w - - 4 31,c4c6 b4b3 a2a3 d1a1
1r6/k2qn1b1/p1b1p1p1/2PpPpN1/2nN1P1P/p4B2/1PP2Q2/1K1R3R w - - 0 32,d4c6 e7c6 b2b3 a3a2 b1a1 c4e5 f4e5 g7e5 a1a2 b8b5
1k1r3r/2q5/pp1n2p1/8/1Q6/3R2P1/PPP2P1P/3R2K1 b - - 4 29,c7c5 b4c5 b6c5 d3d6 d8d6 d1d6
r5kr/pp1qb1p1/2p4p/3pPb1Q/3P4/2P1B3/PP4PP/R4RK1 b - - 1 17,f5e4 h5f7 g8h7 f1f6 e7f6 f7d7
1r4k1/4bpp1/1rp2n1p/3p4/3P4/2N1B1P1/Pq2QPKP/2R1R3 w - - 3 24,e3h6 b2e2 e1e2 e7a3 h6e3 a3c1
r2qr2k/1pp2pp1/1b4np/pP2P3/P4n2/BQN2N1P/5PP1/R3R1K1 w - - 3 20,b3f7 d8d3 c3e2 f4e2 e1e2 d3e2
1r3k2/5p1p/2p1pp2/P2n4/2r1N3/P4PK1/2R2P1P/2R5 b - - 9 29,c4a4 e4c5 a4a5 c5d7 f8g7 d7b8
2r5/4ppkp/5bp1/1p6/1P6/P3B3/2r2PPP/1R1R2K1 b - - 2 22,f6b2 b1b2 c2b2 e3d4 f7f6 d4b2
3Q4/5kr1/8/1P2pB2/2Pp1n2/q2P3P/7K/5R2 w - - 7 49,d8d7 f7f6 d7d8 f6f5
6R1/8/Kpk1p3/1p1pP3/6P1/PPP1r3/8/8 b - - 3 40,e3c3 g8c8 c6d7 c8c3
r4rk1/ppq2ppp/2nbp1b1/3p4/3Pn3/2PB1N1P/PP3PP1/R1BQRNK1 b - - 4 14,e4f2 g1f2 g6d3 d1d3
3q1nk1/1bN2rpp/pp1P4/1N6/4n2b/8/PPP2PPP/R1BQ1RK1 w - - 1 16,b5d4 h4f2 f1f2 e4f2
3r2k1/1b3pbR/p2P2P1/3p2N1/2p5/2P2N2/PP6/2K5 b - - 0 28,f7g6 h7g7 g8g7 g5e6 g7g8 e6d8
rk5r/1b3R2/pp2p2q/4P2p/B2p3B/4R2P/PP4P1/5Q1K b - - 0 27,d4e3 f7b7 b8b7 f1f7 b7b8 h4e7
r3kb1r/3nnpp1/4p1bp/1NppP3/3P4/6N1/P2BBPPP/R3K2R b KQkq - 0 17,a8b8 b5d6 e8d8 d2a5
4r1k1/p4p1p/1p6/6q1/3P2n1/P4Q2/1P1B2P1/7K w - - 0 34,d2g5 e8e1 f3f1 e1f1
2kr3r/p1p1bpp1/2p2n1p/8/8/1P6/P1P1RPPP/RNB3K1 w - - 1 16,e2e7 d8d1 e7e1 d1e1
6k1/p4p2/1p5p/4r3/P3B3/1P3P2/2PK2PP/8 w - - 0 29,d2e3 f7f5 g2g4 f5e4
2r3rk/5p2/4p2p/4q3/1Q6/8/1P3PPP/R4RK1 w - - 0 31,a1c1 e5g5 g2g3 c8c1
r1bq3Q/1np2kp1/p5B1/1p1Pp3/1Pn2BP1/2b2P2/P3K3/R4N2 b - - 5 35,f7g6 h8h5 g6f6 f4g5
7Q/2p5/1p2prp1/p4k1p/P4p1P/8/6RK/3q4 b - - 2 37,d1a4 g2g5 f5e4 h8f6
r1bqk2r/pp3ppp/4p2n/3pP3/1b1P1P2/2N5/PP4PP/R1BQKB1R b KQkq - 2 9,h6f5 d1a4 c8d7 a4b4
1k1r4/ppp3p1/8/1P5p/8/P3n2P/2P1r1P1/B3NRK1 b - - 4 31,d8d1 f1f8 d1d8 f8d8
r4rk1/6p1/b3p1nN/p1pp4/1p3P1q/3P1Q1B/PPP2PK1/R6R b - - 0 26,g8h8 h6f7 f8f7 h3e6
8/4k3/1p1p4/rP2p1p1/P2nP1P1/3BK3/8/R7 w - - 0 35,e3d2 d4b3 d2c3 b3a1
8/6pp/3Bp2k/p2pP2P/P2bp1PK/8/r7/5R2 b - - 2 37,d4f2 f1f2 g7g5 h4g3 a2f2 g3f2
7k/pb1qn2n/1p2R2Q/2p2p2/2Pp4/3B4/PP3PrP/4RK2 b - - 1 27,g2g7 h6g7 h8g7 e6e7 d7e7 e1e7
2rq1rk1/7p/1n4pb/1R2p3/pPpP1P2/P1B5/3NQ1PP/2R3K1 w - - 0 31,e2e5 f8e8 e5e8 d8e8
4r1k1/2R3pp/2p4q/1p1p4/3P4/P7/1PP2R2/1K1N4 b - - 3 32,e8e1 c7c8 e1e8 c8e8
8/7k/pR5p/3p4/5r2/2P1p2P/P5P1/6K1 w - - 0 40,b6a6 e3e2 a6e6 f4f1
r2qk1nr/ppp3pp/2n5/1B1pp3/1b1P4/5Q1P/PP1B1PP1/RN2K2R b KQkq - 3 11,e5e4 b5c6 b7c6 f3h5 g7g6 h5e5
2r3k1/2qR1ppp/p7/2p2Q2/P7/7P/5PP1/6K1 b - - 3 26,c7c6 f5f7 g8h8 f7g7
r1q4r/2p1kP2/3p4/2pPp3/p1P1Pb2/P1NB3b/1P3KP1/R2Q1R2 w - - 1 23,g2h3 c8h3 d1f3 h3h2 f3g2 f4e3 f2f3 h8h3 g2h3 h2h3
r2qr1k1/p5bp/1pp1b1p1/8/2QN1p2/2P1n2P/PP3PP1/R1B1RNK1 w - - 1 18,d4e6 e3c4 e6d8 e8e1
3rk3/5p1r/p2Np1p1/3bP3/P2n4/8/1P3RPP/5RK1 b - - 4 25,e8e7 f2f7 h7f7 f1f7
r2b2k1/1p3q1p/p2p4/3P2p1/2P1PRQr/8/P2B3P/2R4K w - - 1 29,g4g3 h4f4 d2f4 f7f4 g3f4 g5f4
1r3rk1/1pq2pbp/p1p1pnp1/2N1N3/3P4/1QP5/PP3PPP/3RR1K1 w - - 2 19,e5d7 f6d7 c5d7 c7d7
rn1qk2r/pp3ppp/3bp1b1/3p4/3Pn2N/3BB3/PPP2PPP/RN1Q1RK1 w kq - 4 10,h4g6 d6h2 g1h1 h7g6
8/1p4p1/pb2ppkp/3n4/3P4/P3BN1P/1P2KPP1/8 b - - 0 26,g6f5 f3h4 f5e4 f2f3
1R6/6pk/2p4p/3bP2r/5B1P/2P2qP1/P4P1Q/4R1K1 w - - 2 40,e1e3 f3d1 e3e1 d1e1
6k1/6pp/p1N2p2/1pP2bP1/5P2/8/PPP5/3K4 b - - 1 28,f6g5 c6e7 g8f7 e7f5
3r4/p1p2ppp/4k3/6Q1/5P2/4P3/Prqn2PP/3R1RK1 w - - 3 22,g5d8 d2f3 g1h1 c2g2
2r3k1/4brp1/2p3b1/2Pp1q1p/3B3P/2P2N2/PP3P1K/R2Q2R1 w - - 1 31,f3g5 f5f4 h2g2 e7g5
4r1k1/pp1qr1p1/7p/2pPR3/2P2p2/1PQ2P2/P5PP/4R1K1 w - - 3 33,c3d2 e7e5 e1e5 e8e5
8/7Q/3p1kp1/1p6/2b5/2P4P/5PPK/4q3 b - - 8 36,e1c3 h7h8 f6e6 h8c3
r6k/3NR1p1/4n2p/5b2/p6P/6R1/8/6K1 w - - 2 43,h4h5 a4a3 g3a3 a8a3 e7e8 h8h7
br1qkb1r/p1pp1ppp/4Pn2/6B1/3Qn3/5NP1/P3PPBP/RN1R2K1 b k - 0 15,d7e6 d4a4 d8d7 d1d7
1R6/1P6/4pkp1/5p2/3P3p/3KP3/8/1r6 b - - 0 43,h4h3 b8f8 f6e7 b7b8q b1b8 f8b8
3r1rk1/1p2q1pp/5p2/8/1P1n4/6Q1/PPbB1PPP/R2B1RK1 w - - 9 20,d1c2 d4e2 g1h1 e2g3 f2g3 d8d2
3r4/4kp1p/1PQ1p1p1/p3b3/1p2P2P/1P6/6PK/8 w - - 1 36,h2h3 d8d3 g2g3 d3g3 h3h2 g3c3
8/8/2B2p1p/P4Pp1/3p1kP1/1b1Pb2P/8/4K3 b - - 0 50,f4g3 a5a6 b3c4 a6a7
1k4nr/pp1r1ppp/4p3/1Nb2q2/2Pp4/6P1/PP3P1P/R1BQR1K1 b - - 2 14,g8h6 c1f4 f5f4 g3f4
2r3k1/p2q1pbp/1p2pnp1/nB1p4/3P4/1Pr1P2P/P1QB1PP1/2R2RK1 w - - 0 19,b5d7 c3c2 d7c8 c2d2
8/1R6/p1pk4/6bp/1QP5/P7/KP6/3r2q1 b - - 2 44,g1c5 b7d7 d6d7 b4c5
8/4bkp1/R6P/4p3/Pp2P3/1P1rB3/6P1/6K1 b - - 0 33,d3e3 h6h7 e3e1 g1h2
2K5/3P4/5b2/p1B5/P7/3k4/6p1/8 w - - 7 77,d7d8q f6d8 c8d8 d3c4
r2qk2r/ppp2ppp/2n1b3/1B1N4/3b4/3P3P/P1P1QPP1/1R2K1NR w Kkq - 4 13,g1f3 d8d5 f3d4 d5d4 b5c6 b7c6
1rb2r1k/4q2p/p2p4/3B1p2/1pPb4/1P2NQ2/P5PP/2R2RK1 w - - 1 24,g1h1 e7e3 f3e3 d4e3
5rk1/p1Rb1ppp/2n1pn2/8/8/2P3P1/q4PBP/1rNQK2R b K - 2 16,f8c8 c7c8 d7c8 c1a2 b1d1 e1d1
r4rk1/pp2bppp/2ppnn2/8/N1P1P3/q1P4P/P2N2PB/R2Q1R1K b - - 0 16,a8d8 d2b1 a3a4 d1a4
2r3k1/4R1pp/p1p2p2/2p5/2P5/1PbN3P/P4PP1/6K1 w - - 0 25,d3c5 c3b4 e7a7 b4c5
1rb1qrk1/6bp/2np4/2pNpp2/2P5/3P1B2/1B3PPP/1R1QR1K1 b - - 0 22,c8e6 d5c7 e8f7 c7e6
3r2k1/1q3ppp/p2rp3/Qp1B4/7P/P4P2/1PP3P1/1K1R3R b - - 0 21,d6d5 a5d8 d5d8 d1d8
1k6/pp6/4nNp1/P6p/3pr3/7P/3R1PPK/8 b - - 0 40,e4e5 f6d7 b8c7 d7e5
1r2kr2/pp3p1p/2b1pn2/4N3/2P5/1N1B4/P3KP1P/6R1 b - - 4 21,f6e4 e5c6 b7c6 d3e4
r6r/pp2kb2/3p1p1Q/1N1Pp3/3bP3/P2B2P1/1P4PP/7K w - - 6 28,h6d2 h8h2 h1h2 a8h8 d2h6 h8h6
r2qkbnr/pp4pp/2p2p2/4n2b/2B1P3/2N2N2/PPP3PP/R1BQ1RK1 w kq - 0 10,d1e2 h5f3 g2f3 d8d4
8/5p1k/5Ppb/2p3P1/1p6/8/KB5Q/3q4 b - - 4 58,d1a4 a2b1 a4d1 b2c1
7R/8/8/6p1/2p1p1k1/2PbK2p/P7/8 w - - 4 71,e3f2 e4e3 f2e3 g4g3
r2k2nr/pp2qBb1/3p3p/Q5p1/3n1B2/2N2R2/PPP3P1/R5K1 b - - 1 18,b7b6 a5d5 d4f3 g2f3 a8c8 f4d6
8/8/3p4/4kp2/1pP3pP/1RbK2P1/8/8 w - - 2 42,b3c3 b4c3 d3c3 f5f4 c3d3 f4g3
5r1k/6b1/3p3p/1P1q2pQ/r5P1/3p1N1P/3R2P1/4R2K w - - 2 34,e1d1 f8f3 g2f3 d5f3
2r1q1k1/8/b2b1r1p/Pp1pNpp1/3Pn3/1RPQ3P/P1B1NPP1/4R1K1 w - - 3 28,a2a4 b5a4 d3a6 a4b3
Q5k1/5q2/p2p4/b1p1pr2/P7/6P1/4KP1R/8 b - - 3 38,g8g7 a8h8 g7g6 h8h6
8/6pp/8/3kP3/1p1P2P1/rPpK3P/4R3/8 b - - 1 39,a3b3 e5e6 c3c2 d3c2 b3c3 c2d2
5rk1/bpp3pp/p1npb3/4p3/1P2Nr1q/P1PP3P/1B1QBPR1/2K3R1 b - - 2 21,h4h3 g2g7 g8h8 e4g5
rnq2r2/pp3pbk/3p1n2/2pPpPQ1/2P1P3/2N2NP1/PP4KP/R4R2 b - - 2 18,f8g8 g5h4 g7h6 h4f6
8/p5pk/1p3b1p/3r3P/6P1/3nBN2/P4PK1/4R3 w - - 3 30,e1d1 d3f4 e3f4 d5d1
r2qk2r/1pp2ppp/p1pb1n2/4P3/3Q4/2N2b2/PPP2PPP/R1B2RK1 w kq - 0 10,e5f6 d6h2 g1h2 d8d4
8/5k2/7p/p1P1bPpP/Pp2P3/1P1pBK2/8/8 w - - 1 47,e3f2 g5g4 f3e3 e5d4 e3d3 d4f2
5rk1/4bppp/4b3/1p1pPpPP/2pP4/2P5/rqNQKP2/2RRN3 b - - 5 23,e7a3 c1b1 b2b3 b1b3
3r1bnr/2p2ppp/2b5/R1k5/5P2/2N5/4N1PP/1R4K1 b - - 3 21,c5d6 b1d1 d6e7 a5e5 e7f6 d1d8
5rk1/p4p1p/4p1p1/5nq1/8/5QPP/5PK1/2RR4 w - - 6 35,c1b1 f5h4 g2f1 h4f3
1r4k1/p4p1p/6p1/3rb3/K7/2PpB3/1P1R1PPP/7R w - - 1 25,h1d1 d5d6 b2b4 e5c3 e3c5 d6a6
3rr1k1/p4pp1/1pp4p/3pPQ2/1P3P2/2P3qP/P2R2P1/5RK1 w - - 1 24,f1f3 g3e1 g1h2 e1d2
rnbq1rk1/p4ppp/1p2p3/2p5/2QPn3/2P1PN2/P3BPPP/R1B2RK1 w - - 0 11,c1a3 c8a6 c4a6 b8a6
3k2q1/pb1p3p/1p1P4/2p5/2P2Q1K/8/P7/5R2 b - - 2 36,b7g2 f4f8 g8f8 f1f8
6k1/5pp1/2R1p2p/8/P1B5/1P4P1/1q3Q1P/3r2K1 w - - 1 35,g1g2 d1d2 c6c8 g8h7 c4d3 f7f5 c8c2 d2f2
8/5P1P/1p4K1/8/6P1/8/2p5/k6r b - - 0 62,h1h6 g6h6 c2c1q g4g5 c1c6 h6g7
3r4/p5k1/1p1qprnp/1Q1pN1p1/3P1pP1/1PP5/P5PP/4RRK1 b - - 3 29,g6e5 d4e5 d6c5 b5c5 b6c5 e5f6
r2q1rk1/ppp2ppp/2nbb3/8/6n1/2NPBN2/PPP1BPPP/R2QK2R w KQ - 5 9,f3g5 g4e3 f2e3 d8g5
2rq1r1k/p5pp/8/1p1BpPb1/2Pp2Q1/P2P2R1/6PP/R5K1 b - - 3 25,c8c7 g4g5 d8g5 g3g5
r1b1k3/ppr4p/5p2/5p2/8/2P3P1/P4PP1/4RK1R b q - 1 23,e8f7 h1h7 f7g6 h7c7
r3k2r/p1bN2pp/2p1pp2/3p3b/3P1q2/2N4P/PPPQ1PP1/R3R1K1 w kq - 0 16,e1e6 e8d7 d2f4 c7f4
3r4/6k1/1p1pr1p1/p1p2p2/PnP1p1P1/1P6/3R1PBP/4R1K1 b - - 0 29,b4d3 d2d3 e4d3 e1e6 d3d2 g2f3
5qk1/pQ3pp1/7p/b2N1b2/P3r3/5K2/7P/R4B2 b - - 1 24,g7g5 d5f6 g8h8 f6e4
rnb1k2r/ppp4p/3b1qp1/3P1pBQ/4p2N/2N5/PPP2PPP/R3R1K1 b kq - 1 13,f6f7 c3e4 f5e4 e1e4
6k1/4qpp1/3p3p/8/2BP4/1Pn5/2Qn1PPP/6K1 w - - 0 29,c2c3 e7e1 c4f1 e1f1
2rqrbk1/pp3ppp/4n3/3p1N2/3NnBQ1/2P4P/PP3PP1/R4RK1 b - - 14 22,e6f4 f5h6 g8h8 h6f7
r3k3/ppp1qp2/1b1p3p/4p2r/2B1P1b1/P1PP1P2/1P4PQ/RN3R1K b q - 2 18,e7h4 c4f7 e8e7 f7h5
8/1pp5/p2p3p/3P1Pk1/P3K1P1/1P5R/8/2r5 w - - 1 39,e4f3 c1c3 f3g2 c3h3 g2h3 h6h5 g4h5 g5h5
1k6/8/8/6p1/1pp5/p4PP1/N1P4P/7K w - - 0 38,h2h4 b4b3 c2b3 c4b3
7R/1K3p2/6k1/PP4p1/8/6rp/8/8 b - - 2 47,g5g4 a5a6 h3h2 h8h2
r7/p1qbppbk/2p3p1/2pp4/4PP2/1P1P1N2/P1P3PP/3Q1RK1 b - - 2 16,d7g4 f3g5 h7g8 d1g4
5k2/1R6/3pp1P1/2p5/1pr1PK2/5P2/8/8 b - - 0 60,c4c1 f4g5 c1g1 g5f6
r5k1/5pp1/1p1rb2p/3pR2q/p1pP4/P1P3Q1/5PPN/4R1K1 b - - 1 30,h5g6 g3g6 f7g6 e5e6 d6e6 e1e6
3r1rk1/pp2n1pp/8/8/Nq6/1PB5/P3QPPP/4R1K1 b - - 1 25,b4d6 e2e7 d6e7 e1e7
r1bq1r2/1p4kp/4p1p1/1NpPp1P1/2P1P3/pPQ4B/P4n2/2KR3R b - - 1 21,f2h1 c3e5 g7g8 d5e6 d8e7 d1h1 e7g7 e5g7
2b2k2/6q1/pn4p1/1rp2p2/8/8/1P2Q1P1/1K2R2R b - - 3 32,c8d7 h1h8 g7h8 e2e7 f8g8 e7d8
1r1r2k1/pp4pp/2nNb3/2R2p2/2P1p3/8/P4PPP/3BR1K1 w - - 1 26,d6b7 b8b7 c5c6 b7b1 g1f1 d8d1 e1d1 b1d1 f1e2 e6d7
1r4k1/p3p1bp/1n3qp1/6B1/6Q1/1P4pP/P5B1/3R3K b - - 0 29,f6e5 g5f4 e5f4 g4f4
6r1/1p1bRk2/p2q1n1r/3p4/3Q4/1P1B3P/P1P2PP1/4R1K1 b - - 4 27,d6e7 e1e7 f7e7 d4e3 e7f7 e3h6
R7/4k3/5p2/3p2p1/4b2p/2K1P2P/5PP1/8 w - - 2 47,f2f3 d5d4 c3d4 e4a8
r7/p3qkp1/1p4p1/3Nn3/Q7/4PP2/PP3K2/6R1 b - - 0 25,e7c5 a4f4 f7e6 f4e4 a8f8 g1g6
8/8/2p2p2/p4P1p/Pk5P/4K1P1/8/8 w - - 1 39,e3d3 c6c5 d3e2 c5c4 g3g4 h5g4
6k1/2q1pp2/p5pB/2p4n/3pP1Q1/P2P3P/1r4P1/5RK1 b - - 1 30,c7g3 g4c8 g8h7 f1f7 h5g7 f7g7 h7h6 c8h8 h6g5 g7g6 g5g6 h8g8 g6f6 g8g3
8/pp6/2p1kpp1/3p4/3P1PPp/1P3K2/P1P4P/8 w - - 0 31,g4g5 f6g5 f3g4 g5f4 g4f4 e6f6
2k2rr1/1p1q3p/1p2p3/1NbpQ3/P1p2P2/6P1/6KP/R4R2 b - - 0 31,f8f5 b5a7 c8d8 e5b8 d8e7 b8g8
r1b4r/ppk2ppp/2p5/3n2B1/2P5/6P1/P1P1B2P/2KR3R b - - 0 16,d5c3 g5f4 c7b6 c4c5 b6c5 f4e3
1r2r1k1/ppp1q1pp/4b3/4P3/1Q1p1P2/8/P5PP/R1BR2K1 w - - 6 19,d1d4 c7c5 b4a3 c5d4 a3e7 e8e7
8/2p4r/1p3k2/p2Pp1p1/P1P1RpP1/1P3P1r/4R1K1/8 w - - 7 46,e4e5 h3h2 g2f1 h2h1 f1f2 h7h2
r1qr3k/pp3pB1/1np1pb2/8/3P3P/2N2PR1/PP1Q2P1/2KR4 b - - 0 22,f6g7 d2g5 d8g8 g5h5 g7h6 h5h6
4r1k1/ppqb3p/6B1/3pb2Q/8/2P5/PP1B2PP/5RK1 b - - 0 20,h7g6 h5g6 e5g7 f1f7 c7c5 g1h1 c5f8 f7f8
r2q1rk1/p1p1bppp/2pp1nb1/4p3/4P1PN/2NP3P/PPP2PK1/R1BQ1R2 b - - 4 11,f6e4 h4g6 e4c3 g6e7 d8e7 b2c3
1rbk3r/3qp1b1/p3p1Bp/1N1P2p1/8/P5P1/1P2Q1P1/R3K2R w KQ - 2 23,d5e6 d7b5 e2d2 d8c7 a1c1 c7b7 g6e4 b7a7
2r2rk1/3p1ppp/p3p3/1p2q3/6P1/3Q4/PP5P/1K2RR2 b - - 0 22,e5h2 f1h1 h2c2 d3c2 c8c2 b1c2
5rk1/p6p/2r1pBp1/4P3/2b5/3p4/P4PPP/1R2R1K1 w - - 0 27,b1b7 f8f6 e5f6 d3d2 e1d1 c4e2
8/8/6p1/PR3p2/1P3k2/7P/r5P1/7K w - - 1 39,h3h4 f4g3 b5d5 a2a1 d5d1 a1d1
1k6/1p1q4/P2p3p/1NpPpn1Q/5b2/2P3r1/1P2B1P1/R6K b - - 3 28,g3g7 a6a7 b8a8 b5c7 d7c7 h5e8 c7b8 a7b8q
5r1k/7p/p2pB3/3Pb1p1/4p2q/1P2B3/P1Q2P2/2R3K1 w - - 0 31,f2f4 h4g3 g1h1 g3f3 c2g2 f3e3
r1b1kb1r/pppp1ppp/2n1p3/3nN3/3P2q1/4B3/PPP1BPPP/RN1Q1RK1 b kq - 9 8,d5e3 f2e3 g4g5 e5f7 g5e3 g1h1
r2qkb1r/ppp2ppp/2n5/3pPb2/3n1B2/2NB1N2/PP3PPP/R2QK2R b KQkq - 3 9,f8b4 f3d4 c6d4 d1a4 d4c6 d3f5
2r3k1/2r1q1p1/p3p1Q1/1p1p4/nP1P4/2P4R/P4PPP/2R3K1 b - - 0 30,e7f6 g6h7 g8f7 h3f3 f6f3 g2f3
r1b1k2r/ppp2ppp/2n5/2bBp3/2Pq4/3P1QP1/P2B1P1P/1R2K1NR b Kkq - 2 12,f7f6 g1e2 d4f2 f3f2 c5f2 e1f2
8/8/5pp1/5k1p/5P1P/4R1P1/2r5/5K2 w - - 0 43,e3e2 c2e2 f1e2 f5g4 e2f2 g4h3
8/6rk/6p1/1R3b1p/2pQ1P2/2P3P1/qP4PK/8 b - - 0 36,f5d3 d4d8 a2a7 b5b8 a7b8 d8b8
r2q1rk1/1bb2ppp/p1n1p3/4P3/Np1P4/1B2NP2/1P4PP/2RQ1RK1 b - - 0 20,d8d4 d1d4 c6d4 c1c7 d4b3 c7b7
3k1rr1/pR1b3Q/2pqp3/8/N2P4/8/5PB1/R4K2 w - - 5 34,b7a7 f8f2 f1e1 d6b4 a4c3 b4c3 e1f2 c3d4 f2f1 g8f8
6k1/1p3pp1/pB2qb1p/2P5/1P6/6QP/4r1P1/3R3K b - - 4 33,f6e5 d1d8 g8h7 g3d3 e6g6 d3e2
r1bq1rk1/pp2bppp/2pp1n2/8/5P2/5N2/PBPPB1PP/RN1Q1RK1 w - - 5 11,b1c3 d8b6 g1h1 b6b2 a1b1 b2a3
r2qr1k1/pn1p2pp/bp3p2/2p1N3/2P5/1PB3Q1/P1P3PP/R4RK1 w - - 0 18,f1f6 d8f6 a1f1 f6h6 e5g4 h6g6 c3g7 e8e4 g4f6 g8g7
5QR1/5p1p/1b3qp1/p6k/P2P4/8/1P2rPPP/5RK1 w - - 7 32,g8h8 f6f2 f1f2 e2e1 f2f1 b6d4 g1h1 e1f1
1k3r2/q5r1/2Qp3p/N2Bp3/4P1p1/P7/1PP2PPP/R5K1 w - - 12 35,a5c4 a7f2 g1h1 f2f1 a1f1 f8f1
8/8/8/p3b3/P1B2pKp/1Pk1p2P/6P1/8 w - - 8 50,g4h4 c3d2 h4g4 e3e2 c4e2 d2e2
r3k3/p1pbq3/2p2p2/4p1p1/2B3p1/2P4r/P1P2PQP/3RR1K1 b q - 3 20,e7c5 g2e4 f6f5 e4e5 c5e5 e1e5
k7/pp1r2p1/2n2q2/3b1P1B/1P5P/2P5/P4Q2/2KR2R1 w - - 1 32,c1c2 c6b4 c2b1 b4a2 f2c5 a2c3
8/1p6/7p/3k1pp1/1P5P/3K1P2/6P1/8 w - - 0 39,h4g5 h6g5 d3c3 d5e5 c3c4 e5f4 c4c5 f4g3
6k1/5p2/4p2p/3pPP2/1R5P/7r/2B5/2b2K2 b - - 0 46,h3c3 b4b8 g8h7 f5e6 c3c2 e6e7
2k1r2r/1p2P3/p1b1p3/3p1npp/5q2/1N3N1Q/PP3PPP/2R2RK1 w - - 1 22,f3d4 f5d4 b3d4 f4d4 h3e6 c8c7
6k1/pp3rpp/4Nb2/4p3/1B1r4/6PK/PP5P/2R5 b - - 0 28,d4b4 c1c8 f6d8 c8d8 f7f8 d8f8
8/8/1pr1p1kp/pbPp2pN/3Pp1P1/1P2K3/P6P/2R5 b - - 0 29,e6e5 c5b6 c6c1 b6b7 c1e1 e3d2
r2q1rk1/p3b1pp/2p5/4ppB1/4p1nP/2N5/PPP1QPP1/3R1RK1 b - - 8 15,d8c7 e2c4 g8h8 c3d5 c6d5 c4c7
r6r/pQ2nkpp/4b3/2p1q3/4p3/2N5/PP1B1PPP/R4RK1 w - - 1 15,c3e4 e6d5 e4g5 e5g5 d2g5 d5b7
r1b5/p4pkp/3p2p1/2pPr3/2P5/1P1B4/R4PPP/R5K1 w - - 0 24,a2a7 a8a7 a1a7 e5e1 d3f1 c8f5
r4q1k/2bn2p1/2p3pp/1pP5/1P1B2P1/1Q1P1r1P/5PB1/4RRK1 w - - 0 27,g2f3 f8f4 d4g7 h8h7 e1e5 d7e5 g7e5 c7e5 f1e1 f4f3
3r2k1/2q1bppp/b3n3/p2N4/2p1P3/P3QN2/1PP2PPP/4R1K1 b - - 1 22,e7c5 d5c7 c5e3 c7e6 e3f2 g1f2
2kr4/p1pr1pp1/1p4p1/1PP1P3/3B1PP1/PQ2Pn1P/2KRR3/5q2 w - - 1 30,c5b6 d7d4 e3d4 f3d4 c2b2 d4b3
2k1r2r/Qpq5/3bp3/1P1P4/5pp1/2P5/1B2RPP1/R5K1 w - - 1 28,e2e6 c7h7 a7a8 d6b8 e6c6 b7c6
r2qkb1r/pp1nppp1/2p2n1p/3p1b2/3P4/BP2PN2/P1P2PPP/RN1QKB1R w KQkq - 2 7,c2c4 f5b1 a1b1 d8a5 b3b4 a5a3
2r1r2k/ppq3pp/3b1p2/3Q3R/3P4/4B3/PP3PPP/R5K1 w - - 1 20,d5f5 c7c1 a1c1 c8c1 e3c1 e8e1
r6r/p3kpbp/2Q1pnp1/q7/P2P1P2/1PP5/6PP/R1B2RK1 b - - 0 16,f6d5 f4f5 g6f5 f1f5 f7f6 c1a3 e7f7 c6d7 f7g6 f5f3
r1b2rk1/2q1bp1p/p5p1/1p2p1PB/3BP3/2N5/PPPQ3P/R3K2R w KQ - 0 17,h5g6 e5d4 c3d5 c7e5 d5e7 e5e7
1n6/1P6/5pp1/8/2k3PP/4P3/3K4/8 b - - 0 51,c4c5 h4h5 g6h5 g4h5 c5d6 h5h6
rn5Q/ppk1np2/3B4/6N1/6b1/8/PPP1q3/2KR4 b - - 0 18,c7b6 h8d4 b6c6 d4c3 c6d7 d1e1
8/p3Q2p/6p1/4p1k1/5q2/8/Pr4PP/6K1 b - - 1 36,f4f6 h2h4 g5f5 g2g4 f5g4 e7f6
8/8/6RP/2p5/p1k1pP2/4P3/np1K4/8 w - - 0 48,g6b6 a2b4 b6b4 c4b4 d2c2 b4a3 h6h7 a3a2
2r3nr/p5pp/b3kp2/3p4/4p3/BP3P2/P1PN2PP/2KR3R b - - 0 18,f6f5 f3e4 f5e4 d2e4 d5e4 d1d6 e6f7 d6a6
5rk1/npp3p1/p3pr1p/2b5/3NR3/4B2P/PPP2PP1/R5K1 w - - 5 22,e4e6 c5d4 e6f6 d4f6 e3a7 b7b6
3r1k2/5p2/Np3P1p/1P2pR2/2p1N3/b1P1n3/P5PP/6K1 w - - 0 32,f5e5 d8d1 g1f2 e3g4 f2e2 d1d3
1r4k1/p5pp/5p2/2Rb4/1P4P1/P2r4/3P3P/3B1RK1 b - - 3 34,d3d2 c5d5 d2d5 d1b3 g8f8 b3d5
r3k1nr/pp3ppp/1q2b3/8/1n1p4/6P1/PB1QPPBP/R3K1NR w KQkq - 0 13,b2d4 b6d4 d2d4 b4c2 e1f1 c2d4
3q1rk1/4pp1p/p4Pp1/4p1P1/b1PpP2Q/3n3P/Pr2N1B1/R4RK1 b - - 1 22,b2e2 h4h6 e7f6 g5f6 d8f6 f1f6
r2qkb1r/1Q1npppp/p2pb3/8/4P3/5N2/PPP2PPP/R1B1KB1R w KQkq - 1 9,f1a6 d8a5 b2b4 a5a6 b7a6 a8a6
2br3k/5p1p/ppn2Np1/2b1q1P1/2P1p2N/P7/1PQ1B1K1/R4R2 w - - 6 27,c2c1 c5d6 c1f4 e5f4 f1f4 d6f4
8/2k4p/p2p2p1/2pP1p2/2P4P/3K4/P2R1PP1/4r3 w - - 0 28,d2e2 e1e2 d3e2 c7b6 e2f3 b6a5 a2a3 a5a4
3r1br1/Qpqk1p2/p1p1p2p/3nP3/8/2P1NP1N/PP6/1K1R3R b - - 3 25,f8e7 c3c4 b7b6 a7c7 d7c7 c4d5
8/2p5/p1n5/1pP1p2k/1P1p4/P2P3P/5P2/R4KRq b - - 9 34,h1h3 f1e2 e5e4 g1h1 e4d3 e2d2
6k1/pp1n3p/2p1bppb/2q1p3/2P1P3/1PQN1PPP/PB4BK/8 b - - 5 25,c5e3 b2c1 e3d4 c3d4 e5d4 c1h6
5k2/1p6/8/4p2B/1R2Pp1p/3r1KpP/8/8 w - - 1 50,f3e2 d3e3 e2f1 f4f3 h5f3 e3f3
r2qr1k1/ppp2ppp/2nbp3/5b2/3P4/2P1BN2/P1PQBPPP/3R1RK1 b - - 7 11,d8f6 e3g5 f6g6 f3h4 h7h6 h4g6
7K/8/8/5p2/4kP2/8/6P1/8 w - - 1 62,g2g3 e4f3 h8g7 f3g3 g7f6 g3f4
6k1/5p1p/B2bp2q/5p2/6rP/1P4P1/1Q3P2/5R1K w - - 3 34,f1d1 g4h4 g3h4 h6h4 h1g2 h4g4 g2f1 g4d1
rnbqk1nr/ppp1b1pp/3p4/4p3/2B1P3/5N2/PPPP2PP/RNBQK2R w KQkq - 0 6,f3e5 d6e5 d1h5 g7g6 h5e5 g8f6
r1b5/pppqNkp1/3p3p/6rn/1PP2p1N/P5P1/4Q2P/4RRK1 b - - 3 22,g5e5 e2h5 e5h5 f1f4 f7e8 e7g6
5r2/R2R1pk1/P7/5pp1/8/1KP5/5r2/8 b - - 0 44,g5g4 d7f7 f8f7 a7f7 g7f7 a6a7
3r4/6pp/pNnNpk2/1p6/3pR3/8/PPP2PPK/8 w - - 4 32,e4f4 f6e5 d6f7 e5f4 f7d8 c6d8
r3r1k1/ppp2p1p/3p2pQ/8/1q6/3B1N2/nBK3PP/7R b - - 3 22,b4c5 c2b3 e8e5 f3e5 d6e5 h6h4
6k1/8/5B2/1R3pK1/6p1/6P1/P4P1q/8 w - - 0 41,g5f5 h2h5 f6g5 h5f7 f5g4 f7c4
r2qr1k1/pb3pp1/1p4n1/3p4/1P2p2p/P1P1N1P1/2Q1PPBP/3R1RK1 w - - 0 20,g2e4 e8e4 c2e4 d5e4 d1d8 a8d8
1k3r2/ppp2r1p/1b1pQP1p/8/3P3P/2P3R1/Pq4P1/5R1K b - - 0 22,b2b5 e6f7 b5f1 h1h2 f8c8 f7e6
r7/6k1/2b1R1n1/1p3nR1/1P1p3p/3P1PpP/2N3P1/6K1 b - - 0 40,f5e7 e6e7 g7f6 g5g6 f6e7 g6c6 e7d7 c6c5
2r4r/pp1k1ppp/1q2p3/3pP3/Pb1n4/1P1Q4/3B1PPP/RN3RK1 b - - 5 15,c8c2 a4a5 b6c5 d2b4 c5b4 a1a4
r2q1k1r/p1p2ppp/1p6/8/3n2b1/1Q3NP1/PP1N1PP1/3RKB1R w K - 2 15,b3b4 c7c5 b4c4 d8e7 f1e2 b6b5 c4d3 g4f5 d3d4 c5d4
2r3k1/2r1bppp/3ppn2/qp6/3BP3/1Q4P1/PP3PBP/1RR3K1 w - - 5 21,d4e3 c7c1 b1c1 c8c1 e3c1 a5e1 g2f1 e1c1
4k3/5p2/3r4/pRp3Pp/2P1p3/6P1/1KP4P/8 w - - 0 31,b5c5 e4e3 g5g6 e8f8 c5a5 e3e2
r4rk1/1p1b1pbp/p1pp2p1/8/2PNq3/1P2P2P/PB1Q1PP1/R2R2K1 w - - 0 19,d2d3 e4d3 d1d3 c6c5 b2c3 c5d4
4rrk1/pp4pp/2p1b3/4q3/4Bb2/1PPQ4/P4PP1/R1B2R1K w - - 3 22,c1f4 f8f4 e4h7 g8h8 h1g1 f4h4 f2f4 e5c5
2b2rk1/pp4p1/2p5/4r3/2B5/1P6/P4pK1/5R2 b - - 4 32,g8h8 f1h1 c8h3 h1h3 e5h5 h3h5
Q7/8/3B4/2p5/Krkn4/8/8/8 w - - 1 54,a4a3 d4b5 a3a2 b5c3 a2a1 b4b1
2rq1r2/4pBkp/pn1P1bp1/1p2N3/3PR3/P4Q2/1P3PPP/3R2K1 w - - 1 25,f7e6 f6e5 d6e7 d8e7 f3e3 e7e6
2r1r1k1/pb2qpbp/1p1p1np1/4P3/3B1P2/1P3BP1/PQ1N3P/1R2R1K1 b - - 0 21,b7f3 e5f6 e7e1 b1e1 e8e1 g1f2
3r1rk1/1p2q1pp/p1b2n2/2p1p3/P1P1N2P/1P2QNP1/2PR1P2/2K4R w - - 2 19,e4f6 e7f6 h1d1 e5e4 c1b1 e4f3 d2d8 f8d8 d1d8 f6d8
6k1/p4p2/1p5R/3r2p1/1P2b1P1/P3B2P/5P2/6K1 w - - 1 35,h6h5 d5d1 g1h2 d1h1 h2g3 h1g1
N1bk4/pp1p1R2/5bB1/4p3/4n3/8/PB2r3/2K5 b - - 5 24,e2f2 f7f8 d8e7 f8e8 e7d6 g6e4 f2b2 c1b2
3r2k1/p3qp1p/6p1/P7/3r4/2Q4P/n4PP1/1RR2BK1 w - - 2 31,c3c7 d4d7 c7c5 a2c1 c5e7 d7e7
3r2k1/6pp/8/5Q2/2pP4/2Pq2P1/5RKP/8 b - - 2 35,d3c3 f5f7 g8h8 f7f8 d8f8 f2f8
6k1/5R2/pp4p1/2p4p/7P/1P1r4/P3r1PK/5R2 b - - 0 38,d3d2 f7f8 g8h7 f1f7 h7h6 f8h8
3q2k1/1Q3p1p/1p4p1/pP1pP3/P1r5/7P/6P1/3R2K1 w - - 0 31,d1d5 c4c1 g1h2 d8g5 b7b8 g8g7 e5e6 g5d5
r4r1k/pp1q1pb1/2npbn1p/2p1p3/4P3/1BPP1Q2/PP3P1N/RNB2KR1 b - - 9 17,e6b3 c1h6 g7h6 f3f6 h8h7 h2g4 d7e6 a2b3 e6f6 g4f6
2R5/4b1pk/1r5p/2pPN3/1p2P3/3P4/4K1PP/8 w - - 1 39,e5d7 b4b3 d5d6 e7d6 d7b6 b3b2 b6c4 b2b1q
5k2/p4p2/1p6/3p1R2/7Q/P2Pr1KP/6P1/6q1 w - - 3 40,f5f3 g1e1 g3g4 e1h4 g4h4 e3f3
1k1r1b1r/4q3/QBpp4/4p3/4P2p/5p2/P5PP/4R1K1 b - - 0 28,d8d7 e1b1 d7b7 b6a7 b8c8 a6c6 e7c7 c6e8
8/8/8/3K2kp/8/2P1P3/8/8 w - - 0 50,c3c4 h5h4 d5e4 g5g4 c4c5 h4h3 e4e5 h3h2 c5c6 h2h1q
2r3k1/3n1pp1/pq2r1p1/2p5/3b4/BP5P/P2N1PP1/R1Q1R1K1 w - - 0 23,a3b2 e6e1 c1e1 d4b2 d2c4 b6f6 c4b2 f6b2
3q3k/3n4/3PQ2p/p3P1r1/P1P4b/2N1p2P/1r6/R5RK b - - 1 32,d7e5 e6h6 h8g8 h6h4 b2h2 h1h2 e5f3 h2h1 f3h4 g1g5
r4r2/ppk4p/n2N2p1/2p5/4Pb2/2P4P/PP2B2R/1K1R4 w - - 0 25,e4e5 f4h2 d6b5 c7b6 d1d6 b6a5 b5a3 f8f4
2r4r/1b4k1/2q1p1p1/2p5/1p1pR1QP/pP1P1PP1/P1P5/4R1K1 b - - 0 30,h8h6 e4e6 c6f3 e6e7 g7f8 e1f1 f3f1 g1f1 f8e7 g4g5 e7d7 g5h6
2r3k1/1p2n1p1/p2b2r1/3q1pPQ/3Pp1P1/1P2B2R/P6P/5RK1 b - - 0 22,c8f8 h5h7 g8f7 g4f5 f7e8 f5g6 f8f1 g1f1
4R3/R6p/Pp1q2pk/1Pp2r2/3r4/3P1p1P/2P2PK1/4Q3 w - - 0 43,g2h1 d4h4 e1e3 d6f4 e3f4 f5f4 h1g1 h4h3 e8e4 f4f5 e4g4 f5e5 g1f1 e5e2 g4g3 h3h1
Q6r/p1pqk1bp/3ppnp1/2n5/4P3/2N2N2/PB3PPP/R3R1K1 w - - 2 15,e4e5 h8a8 e5f6 e7f6 c3e4 f6f7 e4c5 d6c5
5k2/7q/4Q3/1p6/6P1/8/6K1/8 w - - 1 62,e6f5 h7f5 g4f5 b5b4 g2f1 b4b3 f1e1 b3b2
5q2/3r4/P1k2p1p/1p2pNp1/2b1P1P1/2P2P1P/3r2BK/R5Q1 b - - 4 40,f8c5 g1c5 c6c5 a6a7 d7a7 a1a7 c4f1 f5e3 f1g2 e3g2
r3r1k1/p4ppp/2p2n2/1p6/3P1qb1/2NQR3/PPB2PP1/R1B3K1 w - - 5 18,e3g3 e8e1 g1h2 e1c1 a1c1 f4h6 h2g1 h6c1
1r1q1rk1/1b2bppp/p7/1p1ppP2/3pP1Q1/P2P2P1/BPP4P/R1B2RK1 b - - 1 16,d5e4 c1h6 e7f6 h6g7 f6g7 f5f6 d8f6 f1f6
4k3/7r/4PPN1/p5KP/8/p1P5/2P4P/8 w - - 0 48,f6f7 h7f7 e6f7 e8f7 h5h6 f7g8 g6e5 g8h7
1k1r3r/1p6/2b5/2p2p2/1bP5/1P3N1p/RP6/1KBR4 w - - 2 29,d1d8 h8d8 c1f4 b8c8 a2a8 c8d7 f3e5 d7e8 a8d8 e8d8
4Rbk1/p4p1p/6p1/8/1PQ5/2P3NP/2rq1PP1/6K1 w - - 1 31,g3e4 c2c1 g1h2 d2f4 g2g3 f4f3 e8f8 g8f8 c4c5 f8g8
r2qk2r/4bppp/p3bn2/1p2N3/5B2/2N5/PP3PPP/R2QR1K1 b kq - 1 19,e8g8 e5c6 d8e8 c6e7 e8e7 f4d6 e7d8 d6f8
4r1k1/pp3p2/3p1Ppq/5P2/4r3/6RP/PP3Q2/6RK b - - 2 39,e4e2 g3g6 f7g6 f6f7 g8f7 f5g6 f7e7 f2e2
5Nk1/2q3p1/2p1Pp2/1p3P2/1PpP4/2P1n3/3b2Q1/5R1K w - - 1 32,g2h3 e3f1 f8g6 c7h2 h3h2 f1h2 h1h2 d2c3 g6e7 g8f8
2kr3r/1pp2p2/p2p3p/3P1bpB/2P2P2/1P2q3/P5PP/R2QR2K b - - 3 18,e3f4 e1f1 f4e5 f1f5 e5f5 h5g4 f5g4 d1g4
3r3r/Qbk5/1p1p3p/1P1qpp2/6p1/2P2NP1/3N1PP1/R4RK1 w - - 1 25,a1a6 d5b5 a6a4 d8a8 a4c4 b5c4 a7b7 c7b7
5rk1/p1r3b1/1p1pR3/3b1n1q/3PNp2/2P2N2/PP2BPQP/R6K w - - 5 23,e4f6 f8f6 e6f6 f5h4 f3h4 d5g2 h4g2 h5e2
5r2/1p2Q3/8/pk3rK1/5P2/3P3P/8/8 w - - 2 46,g5g6 f8f6 e7f6 f5f6 g6f6 a5a4 f4f5 a4a3 f6g6 a3a2 f5f6 a2a1q
4r3/5Qkp/p5pN/8/6P1/6KP/P1P1r3/8 b - - 0 34,g7h6 g4g5 h6h5 f7f3 h5g5 f3f4 g5h5 f4h4
2k2r1r/1ppb4/pb1n2Pp/3Pp2Q/PP2N1P1/2P2q1P/2B2P2/R1B2RK1 w - - 3 22,g6g7 d6e4 c2e4 b6f2 f1f2 f3f2 g1h1 f2e1
1kq1r2r/p1p2pp1/1pPb4/3P3p/Q1B2nb1/4B3/P2N1PPP/1R2R1K1 b - - 1 20,h5h4 c4a6 c8f5 e3b6 e8e1 b1e1 c7b6 c6c7 d6c7 e1e8 h8e8 a4e8 f5c8 a6c8
5rkr/1QN5/4R3/p7/P1Pp4/1B1q3P/1P4P1/6K1 w - - 1 44,c4c5 f8f1 g1h2 h8h3 g2h3 f1f2 b7g2 f2g2 h2g2 d3b3
8/2k4p/2P1Kpp1/8/5P2/8/7P/8 b - - 1 48,f6f5 e6d5 g6g5 f4g5 f5f4 d5e4 c7c6 e4f4
8/KP2r1pk/5p2/7p/4b2P/3Q4/8/8 w - - 3 72,d3e4 e7e4 b7b8q e4a4 a7b7 a4b4 b7c8 b4b8
1r6/2p4p/2r5/kN1p2p1/P4p2/2PRnP2/3R2PP/6K1 b - - 6 36,a5a4 b5d4 b8b1 g1f2 c6c3 d3c3 e3d1 d2d1
8/4kp2/4p1pp/1r2P2P/1P3PK1/8/8/1R6 b - - 0 39,f7f6 h5g6 f6e5 g4h5 e5f4 h5h6 f4f3 g6g7 e7f7 b1f1
8/p7/8/2p3P1/3k1N1P/6K1/8/3b4 b - - 4 42,a7a5 h4h5 d4e5 h5h6 d1c2 g3g4 c2f5 g4h5 e5f4 g5g6
r2r2k1/4qppp/8/1Q6/Rp1P4/1P4P1/K1P4P/5R2 w - - 0 31,a4a8 d8a8 a2b2 e7a7 b5b4 a7a2 b2c3 a8c8
1b5k/ppq2p1b/2p1pp1p/2n4Q/2N1PP2/PPN3rP/2P3BK/3R4 w - - 0 24,h5c5 c7f4 c3e2 g3g5 e2f4 b8f4 h2g1 g5c5
5b1N/p1pkq1pp/b3p3/3p4/3P4/1RB1P3/P1Q2KPP/8 w - - 3 21,c2h7 e7f6 f2e1 f6f1 e1d2 f1e2 d2c1 a6d3 h7d3 e2d3
rq3rk1/p1pn1p2/1pQ1p2p/1N2P1p1/2P3n1/8/PP3PPP/R3KB1R w KQ - 3 17,b5c7 d7e5 c6a8 b8c7 a8e4 c7c5 e4c2 f8d8
r4rk1/pbp2ppp/1pNbp3/1B2n3/Q2P4/4PqP1/PP3P1P/RNB2RK1 b - - 0 13,e5c6 b1d2 f3d5 e3e4 d5d4 b5c6 d4a4 c6a4
r2r2k1/pp6/2p1p2Q/4qp1R/2P5/5BPP/1P3P2/6K1 b - - 1 26,g8f7 h5g5 d8h8 f3h5 f7e7 g5g7 e5g7 h6g7
2r1kb1r/ppq2ppp/2n1p3/3pPn2/N2P4/4BN2/PP2QPPP/2R2RK1 w k - 9 14,c1c2 c6d4 f3d4 f5d4 e3d4 c7c2 e2b5 c2c6
3r1k2/1b3ppQ/p2q3p/1p2b3/8/P2p2P1/1P3P1P/1BR1R1K1 w - - 0 31,c1d1 d6d5 h7h8 f8e7 e1e5 d5e5 h8d8 e7d8
8/8/8/4kp1p/7P/4K1P1/8/8 b - - 0 45,e5f6 e3f4 f6e6 f4g5 e6e5 g5h5 e5f6 h5h6 f5f4 g3f4
r3rk2/pppqn1pQ/6P1/4p1P1/4Pp2/1PP5/P4P2/RNB1K3 b Q - 0 20,d7g4 h7h8 e7g8 c1a3 e8e7 a3e7 f8e7 h8g7
4r1k1/1Q3bp1/B4p2/P1PR2p1/1P2pbP1/7P/5PK1/q7 b - - 1 35,f7d5 b7d5 g8h7 d5f7 a1c3 f7h5 h7g8 h5e8
r7/2p2pk1/q4np1/3PQ3/4P3/5PPp/2R2NKP/8 w - - 0 34,g2h3 a6f1 h3h4 a8h8 h4g5 h8h5 g5f4 h5e5
1Q4k1/p7/2q4p/1p4p1/4R3/2P3P1/r6P/6K1 b - - 1 36,g8g7 e4e7 g7g6 b8g8 g6h5 g8f7 h5g4 h2h3 g4g3 e7e3 g3h4 f7a2
8/6pp/2p2p2/7P/1k6/p2K4/B4P2/8 w - - 1 42,d3d4 g7g5 h5g6 h7g6 d4d3 g6g5 d3c2 f6f5
4k3/3r2pp/3P1p2/2PK1P2/1P6/7P/8/8 b - - 2 38,e8d8 c5c6 d7a7 b4b5 a7a5 d5c4 a5a2 b5b6
r3r1k1/pp4pp/2pq4/3nNQ1b/3P4/4pP1P/PP2P1B1/1K1R3R b - - 0 19,g7g6 f5f7 g8h8 f7e8 a8e8 e5f7 h8g7 f7d6
r2qr1k1/pbp2ppp/1pn2n2/8/3PN3/5NP1/PP2QPBP/R3R1K1 b - - 2 13,c6d4 e4f6 g7f6 e2e8 d8e8 e1e8 a8e8 f3d4
8/7p/1p4p1/p1kp1pP1/P4P1P/1PPK4/8/8 b - - 0 32,c5c6 d3d4 c6d6 c3c4 d5c4 b3c4 d6c6 d4e5 c6c5 e5f6 c5c4 f6g7
8/8/8/p2k3p/P1p4P/2K2P2/8/8 b - - 0 39,d5c5 f3f4 c5d5 f4f5 d5e5 c3c4 e5f5 c4b5 f5e6 b5a5
r2qr1k1/pb2b3/1p2Q1p1/6Bn/2Pp4/8/PP3PPP/3RR1K1 b - - 0 20,g8f8 g5h6 h5g7 e6g6 e7f6 e1e8 d8e8 g6f6
r4rk1/3b2pp/8/p3Qp2/1pqP4/8/PP4PP/1B2RRK1 w - - 4 22,b1f5 a8e8 e5f4 f8f5 e1e8 g8f7 e8e5 f5f4
1r2qrk1/7p/3pp2P/1np2pPN/1pN2P2/pPnP1Q2/P1P2B1K/5R2 b - - 8 29,c3a2 h5f6 f8f6 g5f6 a2c3 f1g1 g8h8 g1g7
4k3/7r/p1PPK3/4P2p/1p6/8/7P/8 b - - 0 51,b4b3 d6d7 e8d8 e6d6 h7h6 e5e6 h6e6 d6e6 d8c7 e6e7
r5k1/4p1b1/p2qN1p1/1p1P3p/1Pp3b1/Q1N3P1/P4rBP/4R2K b - - 3 30,g7e5 c3e4 d6b6 e4f2 b6f2 e1e5 f2d2 a3e3
1rr3k1/5p2/3p2p1/3PP2R/1p6/2p2P2/2Q3PP/6K1 w - - 0 32,h5h4 b4b3 c2c1 b3b2 c1h6 b2b1q g1f2 b8b2 f2g3 b1e1 g3h3 e1h4
1r5k/p4q1p/2Q2p2/4pN2/Pr2P3/1P1n3P/K1P2P2/4R2R w - - 5 27,e1b1 b4b3 b1b3 d3b4 a2b1 b4c6 b3b8 c6b8
3q2k1/5pp1/3Np2p/2b1P3/p1p1P3/2B4P/1Q3PP1/6K1 w - - 0 38,d6b7 d8d1 g1h2 a4a3 b2a1 d1a1 c3a1 c5b4
2r1k2r/1b2q1bp/p5p1/2p1PnB1/2QPN3/8/PP4PP/R4RK1 b k - 1 20,e7d7 e4d6 f5d6 e5d6 g7d4 c4d4 c5d4 a1e1 d7e6 e1e6
8/6p1/3k3r/1R6/6Kp/7P/5P2/8 b - - 0 50,h6f6 b5b6 d6e7 b6f6 e7f6 g4h4 g7g5 h4h5
8/K7/8/6kp/8/8/P7/8 w - - 0 46,a7b7 h5h4 a2a4 h4h3 a4a5 h3h2 b7b8 h2h1q
8/8/4p1k1/5qp1/8/6QP/5PK1/8 w - - 13 94,g3d6 f5d5 d6d5 e6d5 g2f3 g6f5 f3e3 f5e5 e3d3 d5d4 f2f3 e5d5
1Q2nkr1/5p2/3p2b1/2pP4/2P1p3/4P1B1/P2KBPP1/7q b - - 0 24,h1a1 g3d6 f8g7 d6e5 e8f6 b8g8 g7g8 e5a1
3r1bk1/7p/3P2p1/RP3p2/1q2pP1P/1B1p2P1/Q6K/8 b - - 0 42,g8g7 a5a7 g7h6 b3g8 f8g7 a7g7 d8g8 a2g8
7k/R7/5P2/6K1/8/5r2/7p/8 w - - 0 67,a7a1 f3g3 g5f4 g3g1 f6f7 h8g7 f7f8q g7f8
8/8/8/3B4/5ppk/6p1/6K1/8 w - - 2 55,d5e6 f4f3 g2h1 h4h3 e6d5 g3g2 h1g1 h3g3 d5f3 g3f3
8/2pr1p2/1p3kp1/pKpP4/P3PP1p/8/1P3R2/8 b - - 1 32,g6g5 b5c6 d7e7 e4e5 f6g6 d5d6 c7d6 e5d6
8/6p1/3k3p/8/pp1r4/4RP1P/B3K1P1/8 w - - 0 46,e3d3 d4d3 e2d3 b4b3 a2b1 a4a3 d3c3 a3a2 b1a2 b3a2
3k3r/1Qp1bpp1/4b2p/3pN3/3q4/rP1B4/2P2PPP/1K1R2R1 w - - 0 28,e5f7 e6f7 b7b8 d8d7 d3b5 d7d6 b8c7 d6c7
1r3r2/6qp/4B2k/p2N2p1/P4bPP/1P2Q3/2P5/2KR4 w - - 1 31,h4g5 f4g5 d1h1 h6g6 e6f5 f8f5 g4f5 g6f7 f5f6 g5e3
8/8/8/p2k1p2/2pP1P2/2K5/1P6/8 b - - 0 37,d5e4 c3c4 e4f4 d4d5 f4e5 c4c5 f5f4 d5d6 e5e6 c5c6
8/N1P1kp2/1p3p2/2b5/4P1B1/P3r1P1/1P3r2/R2K4 b - - 5 32,e3g3 a7c8 e7f8 g4e2 f8g7 c8b6 c5b6 c7c8q g3g1 d1d2 g1a1 c8g4
4r1k1/7R/8/p5p1/2PnB3/3P2p1/P7/6K1 w - - 1 38,h7h5 d4e2 g1f1 g3g2 f1g2 e2f4 g2f3 f4h5
r2qr1k1/1bpn1p1p/1p1p1p2/3N1P1Q/4PR2/1P6/PP4PP/R5K1 b - - 4 20,d7f8 f4g4 f8g6 f5g6 f7g6 g4g6 h7g6 h5g6
5k2/8/1b2P3/p2K4/1p3P1p/2p4P/P7/2B5 b - - 0 39,f8e7 f4f5 b6d8 c1g5 e7e8 f5f6 d8f6 g5f6
7R/8/5pk1/8/4p1p1/2K4p/1P6/8 w - - 0 54,h8h4 f6f5 c3d2 g6g5 h4h8 g5f4 b2b4 g4g3 h8h4 f4f3
r4rk1/p4pp1/4b2p/2bp4/4qB1Q/6R1/PP2BPPP/5RK1 b - - 5 21,e4e2 g3g7 g8g7 f4h6 g7h7 h6f8 h7g8 f8c5
2q5/4Q3/4p1k1/3p2P1/p2Pp3/4P3/5PK1/8 b - - 0 52,a4a3 e7f6 g6h7 g5g6 h7h6 g6g7 h6h7 f6f8
r5k1/pp1b2pp/2n1p1p1/3pP3/3P2Q1/P1P5/3qNKPP/2R4R w - - 2 17,h1d1 a8f8 f2g1 d2e3 g1h1 h7h5 g4g6 e3e2
r2qk2r/1p1n1pp1/p2p4/4p2p/4P1bb/2NQ1nP1/PPP1NPB1/R1B2R1K b kq - 1 15,h4e7 g2f3 d7c5 d3e3 e7g5 e3g5 d8g5 c1g5
r7/5kp1/p3pnp1/1pb2r2/3nb1p1/3Q4/PPPBNP1P/2KRR3 w - - 6 22,d3c3 d4c2 e2g3 c2b4 g3e4 b4a2 c1b1 a2c3
4rk2/5p2/3R4/3P2R1/2p1r2p/2P4P/5KP1/8 w - - 0 34,d6c6 e4f4 f2g1 e8e1 g1h2 f4f1 c6c8 f8e7 g5e5 e1e5
2k1r3/pp3p1p/2p5/q1b1B3/3nP3/2N3QP/PP3PP1/5K1R w - - 4 20,f1g1 e8e5 g3e5 d4f3 g2f3 c5f2 g1f2 a5e5
3r1rk1/p1q3pb/1p1b4/8/3B2PQ/2P2p1P/PP3P2/R3RNK1 w - - 1 28,f1g3 d6g3 h4g3 c7g3 f2g3 d8d4 c3d4 f3f2
r1br2Bk/1p6/p1p1p2p/4P3/8/2P2q2/PPQ5/1K5R b - - 1 25,d8g8 h1h6 h8g7 c2h7 g7f8 h6f6 f3f6 e5f6
1rr3k1/4Rpbp/6p1/2P1p3/PPP5/5PP1/5PK1/1R6 b - - 0 33,c8c5 b4c5 b8b1 e7e8 g7f8 c5c6 b1c1 c6c7
5qr1/pb1kp3/1prn4/3pQpp1/3P4/1P1BPP1P/P5PB/2R2RK1 w - - 4 29,d3b5 d6b5 e5d5 b5d6 h2d6 e7d6 c1c6 b7c6
5k2/5pp1/p7/1p1p2p1/2bP2P1/4RPK1/PR5P/6r1 w - - 4 34,b2g2 g1g2 g3g2 b5b4 a2a4 b4b3 e3e1 c4d3
4kn2/p3b3/1p2P3/1P1p1Qp1/P7/8/1B1N1PK1/3q4 b - - 2 33,d1d2 f5f7 e8d8 b2f6 f8g6 f6e7 g6e7 f7f8 d8c7 f8e7
2r1r3/1p3p1k/1n1q1n1p/p3bP2/P2p1Np1/1P1P2P1/4R1BP/2BQ1RK1 w - - 4 23,g2b7 c8c1 d1c1 e5f4 c1f4 d6f4 f1f4 e8e2
r1b2rk1/2qn1ppp/8/2p1p1N1/1p6/1B6/1PP1QPPP/3R1RK1 b - - 0 18,c8a6 d1d7 c7d7 e2e4 g7g6 b3f7 f8f7 e4a8
rnb1k2r/pp1n1ppp/4p3/q1bpP3/N4P2/2P2N2/PP4PP/R1BQKB1R b KQkq - 0 9,b7b5 a4c5 d7c5 b2b4 a5a4 b4c5 a4d1 e1d1
2k4r/p1p3q1/P4p2/2p5/Q1NP4/2P2K1P/6p1/R7 w - - 0 28,a1g1 h8h3 f3e2 g7g6 c4d6 c8d8 a4e8 g6e8 d6e8 d8e8 g1g2 h3c3
8/2p3p1/3k1p2/p1p2P2/P3KPP1/1P6/8/8 b - - 0 31,c7c6 e4d3 d6d5 g4g5 c5c4 b3c4 d5c5 d3c3
2q4k/P6p/1Qnp2p1/1p2p1bb/1P2P2r/2P2P2/6KN/R6R b - - 0 35,c8h3 g2f2 h4f4 a7a8q h8g7 a8b7 c6e7 b6e3 f4f3 e3f3
8/p5k1/2p1R1P1/3p4/3P4/r7/1r6/5RK1 b - - 5 32,b2c2 f1f7 g7h6 g6g7 h6h7 e6h6 h7h6 g7g8q
2R5/8/8/1p6/nk6/1p6/1K6/8 w - - 8 55,b2b1 b4a3 c8c6 b3b2 c6a6 a3b3 a6a4 b3a4 b1b2 a4b4
8/5p1p/K3p1p1/2k5/Pp2PP2/1P6/2B4n/8 b - - 1 41,h2f3 a6b7 f3d4 a4a5 d4c2 a5a6 c2d4 a6a7
6rk/2R1R3/1p5p/3N2p1/8/3b4/Pr6/4K3 b - - 1 36,g8f8 d5f6 b2b1 e1d2 f8d8 e7e8 d8e8 d2d3 b1d1 d3c2 d1c1 c2c1 e8c8 c7c8
6rk/1R5p/p1p5/5P2/P3PNn1/1P4Pp/1P1r3P/5RK1 w - - 1 30,b7c7 g4h2 f1f2 d2f2 g1f2 h2g4 f2g1 h3h2 g1h1 g8d8 f4d5 c6d5
r3k1r1/pp2p3/6b1/3Pp3/N3n2p/8/PPB3PP/1R3RK1 w q - 0 27,f1e1 e4d2 c2g6 g8g6 b1c1 d2f3 g1f2 f3e1
r4rk1/ppp2pb1/2qp1npp/8/2P1P3/1P3QP1/PB1N1PKP/R4R2 b - - 1 15,f6e4 b2g7 e4d2 f3c6 b7c6 g7f8 d2f1 f8h6
r4rk1/3qb1pp/p3p3/1p1pBp1Q/2pPn3/P1P1P2P/1PB2PP1/R4RK1 w - - 0 18,g2g4 g7g6 h5h6 e7g5 h6g7 d7g7 e5g7 g8g7
5rk1/3b4/3bpr1p/3p2pP/2pP1qP1/2P2B2/2Q1RRP1/5NK1 b - - 17 39,g8g7 g2g3 f4f3 f2f3 f6f3 c2g6 g7h8 g6h6
N1b4r/1p2k2p/p2p3q/5p2/3PpP2/1B2P1P1/P1Q1NnKp/1R6 b - - 1 24,h2h1q b1h1 h6h1 g2f2 c8d7 a8b6 h1f3 f2e1
5r1k/1B4p1/4P2p/Pp2q3/8/8/2P3QP/4B2K w - - 1 37,e1b4 e5a1 g2g1 f8f1 b4c5 f1g1 c5g1 a1a5
4k3/1K3p2/4pPp1/1P2N2p/5P2/8/7P/2r5 b - - 10 46,c1b1 b5b6 b1h1 b7c6 h1h2 e5c4 h2c2 b6b7 c2c4 c6b5 e8d7 b7b8q
8/P7/3k1R2/1P4p1/7p/7P/6PK/rr3B2 b - - 2 50,d6c7 f6a6 b1f1 b5b6 c7d7 a6a1 f1a1 b6b7
r2qkb1r/pp2pppp/5n2/5b2/3Bp3/2P5/PP2BPPP/RN1Q1RK1 b kq - 4 9,e7e6 d4f6 d8d1 f1d1 g7f6 e2b5 e8e7 d1d7
rn3knr/pbppq3/1p4Bp/4P1pQ/2p5/2P3N1/P4PPP/R3R1K1 b - - 1 17,b8c6 h5f3 f8g7 g3f5 g7g6 f5e7 c6e7 f3b7
4R3/R5pk/1p3b1p/7P/8/P2n2K1/r4P2/8 b - - 2 43,d3f2 a7a8 f2h1 g3f3 g7g5 a8a7 f6g7 e8e7
r2q1r1k/p1p3pp/5p2/1bbN1P1Q/5R2/1B4B1/PPP3PP/7K b - - 2 21,b5e8 h5h7 h8h7 f4h4 e8h5 h4h5 h7g8 d5e7
5k2/3Q4/p6p/2P4P/P2P2KP/5p2/5Pb1/7r w - - 3 41,c5c6 g2h3 g4f3 h3d7 c6d7 f8e7 d7d8r e7d8
4rk1Q/ppnq2r1/2p5/4R3/1PP2p1P/P7/5PP1/4R1K1 b - - 4 35,g7g8 h8f6 d7f7 f6d6 f8g7 e5e7 e8e7 e1e7
2kr2nr/1pp1q2p/p2b2p1/1N1P1b2/2BPp3/Q7/PB3PPP/4R1K1 b - - 1 17,a6b5 a3a8 c8d7 c4b5 c7c6 b5c6 b7c6 a8c6
1nkr1qnr/1pp5/p2b1p2/3N2p1/2B1P1p1/4BN2/PPP1QPP1/R3R1K1 w - - 0 15,f3d2 h8h1 g1h1 f8h6 h1g1 h6h2 g1f1 h2h1
r7/2pk1Q2/1b3P2/1p2p1p1/8/2P4p/1PB1RPq1/4K3 b - - 0 32,d7c8 c2e4 g2e4 e2e4 h3h2 e4h4 g5h4 f7g8 c8b7 g8g2
5r2/1bq1k2Q/p3pr2/1p1n1pN1/5Pn1/8/PP4PP/3RRBK1 b - - 2 27,e7d6 e1e6 f6e6 h7c7 d6c7 g5e6 c7d7 e6f8
4r3/2pqrpk1/3p2pp/p1pPb1QP/2P1P3/1P3R2/P1B3P1/5R1K w - - 0 30,f3f7 e7f7 g5g6 g7f8 g6f7 d7f7 f1f7 f8f7
r1b3k1/ppq4p/2p1p1p1/8/2PPp1B1/1P2P3/PB4Pb/R4Q1K b - - 1 19,c8d7 f1f6 a8f8 g4e6 d7e6 f6e6 c7f7 e6f7 f8f7 h1h2
5r2/4Qpk1/6p1/qp1p1bNn/3P3P/pPr2P2/P3N3/K2R2R1 b - - 3 27,a5c7 g5e6 f5e6 g1g6 g7h7 g6h6 h7h6 e7g5 h6h7 g5h5
2r5/8/p7/3R2pk/1P3pp1/8/PP3PKP/8 w - - 0 34,a2a4 f4f3 g2g3 c8c1 h2h3 c1g1 g3h2 g1g2
8/1p6/1p1pN2k/1P1Pn3/P1PK1p2/8/8/8 b - - 1 61,h6h5 e6f4 h5g5 f4e6 g5f6 e6d8 f6e7 d8b7
r4rk1/5pp1/pqnNp2p/1p6/5P1b/1B5P/PP2Q1P1/2R2R1K b - - 0 19,a8d8 d6f7 c6d4 f7h6 g7h6 e2g4 g8h7 g4h4
4k3/6R1/3Bp3/1P2P1Pp/3b1P2/4p3/7r/3K4 w - - 0 35,g7e7 e8d8 e7c7 e3e2 d1e1 d4f2 e1e2 f2b6
4Q1k1/5p2/p2p2pp/1prq1P2/8/1P6/P5PP/5RK1 b - - 1 36,g8h7 f5g6 h7g6 e8g8 g6h5 h2h3 d5d4 g1h1
8/1p4Q1/p1p5/P2r1k1P/1P6/4qpP1/2K5/3R4 w - - 4 62,g7f7 f5g4 d1d5 c6d5 f7d7 g4g3 d7g7 g3f2 h5h6 d5d4 h6h7 d4d3 c2b2 d3d2 h7h8q d2d1q h8h2 f2f1 h2h1 f1e2
8/6k1/6Pp/p1p1pP1K/PpPp4/1P1P4/8/8 w - - 0 66,h5g4 e5e4 d3e4 d4d3 g4f3 h6h5 f3e3 h5h4
2r3k1/1R1n4/3B1p2/1P1Pp3/4PpPp/5PbP/6r1/1K1R4 b - - 0 43,d7c5 d6c5 c8c5 d5d6 c5c4 b7a7 c4b4 b1a1 g3f2 d6d7 f2d4 d1d4 b4d4 a7a8
3r1knr/p4ppp/8/1p1NPb2/2Pn4/P7/1P3PPP/2RK1BNR w - - 0 16,g1f3 d4f3 g2f3 b5c4 f1c4 g8e7 d1e2 e7d5 c4d5 d8d5
r2q1rk1/pp2pp2/3p3p/6p1/2P1P3/Pn1Q1PP1/1P3P2/RB2K2R b KQ - 2 20,b3a1 e4e5 f7f5 e5f6 f8f6 d3h7 g8f8 b1g6 f6g6 h7g6
5r1k/pp4pp/5r2/3R4/3n3N/P6Q/1q3PPP/5RK1 b - - 4 29,f6f2 h4g6 h8g8 g6e7 g8f7 f1f2 b2f2 g1f2
2kr3r/5p2/2pp1qb1/p3p1p1/2P3P1/2N1P1pR/PP1QBP2/R3K3 w Q - 0 26,h3h8 f6f2 e1d1 d8h8 d2d6 h8d8 d6d8 c8d8
2r2r1k/1p3p2/p4P1p/2q5/P7/2P4Q/5RP1/4R1K1 b - - 7 37,c5g5 e1e5 g5g6 e5h5 h8h7 f2f5 c8c6 h5g5 g6f6 f5f6
r1r3k1/pR3pp1/4p2p/2p5/4Q3/q2B3P/P1P2PP1/6K1 b - - 2 20,g7g6 e4f4 c8f8 d3g6 f7g6 f4h6 a3c1 h6c1
5r1k/6p1/6B1/pp1n4/8/4P1B1/P3R1PP/2b3K1 w - - 1 31,e3e4 d5c3 e2e1 c1d2 e1a1 c3e2 g1h1 d2c1 a1c1 e2c1
8/p4pk1/4rnrp/4P3/7Q/3q4/P4RPP/5R1K b - - 0 28,f6d7 f2f7 g7h8 h4d8 g6g8 d8d7 d3d7 f7d7
8/6p1/pp5p/2p5/P1P1p1Pk/1P2K2P/8/8 w - - 3 49,e3e4 a6a5 e4d5 h4h3 d5c6 h3g4 c6b6 h6h5
5rk1/p4ppp/1p6/4p3/3PQP2/2PKP2q/P5r1/2R1R3 b - - 4 32,g2a2 e1h1 a2h2 h1h2 h3h2 c1h1 h2h1 e4h1
1qkr3r/1p3pR1/2p5/Q2p4/7p/5P2/P1B5/1K6 b - - 0 28,h4h3 c2f5 d8d7 g7f7 b8d6 f7d7 d6d7 f5d7 c8d7 a5c3
rnq2rk1/ppp1bNpp/4p3/3b2BP/2BP2P1/2P5/P1P1Q3/R4RK1 b - - 4 15,f8f7 c4d5 f7f1 a1f1 e6d5 g5e7 b8c6 f1f8 c8f8 e7f8
3q2k1/1p3ppp/r7/3p4/rn1B4/4P1Q1/5PPP/R3R1K1 b - - 3 23,g7g6 a1a4 a6a4 g3e5 f7f6 e5e6 g8g7 d4f6 d8f6 e6d7
8/8/3k1np1/p4p2/1pBP1Pp1/1P2K1P1/7P/8 b - - 1 45,f6d5 c4d5 d6d5 e3d3 d5d6 d3c4 d6c6 d4d5
8/8/8/2p5/2PpP2P/1PbPkP2/6K1/8 w - - 1 60,h4h5 e3d3 e4e5 d3c2 e5e6 d4d3 e6e7 d3d2 e7e8q d2d1q
r2q3k/4bBpp/p7/1pp2P2/3nn3/7Q/PPP3PP/R1B2RK1 w - - 0 19,c2c3 d4e2 g1h1 e4f2 f1f2 d8d1 f2f1 d1f1
1R6/5p1k/4p1pp/q3P3/2p1Q2P/r1P5/5PP1/6K1 b - - 0 32,a5c3 e4f4 c3e1 g1h2 a3f3 f4f3 e1e5 f3g3
4rr2/ppR3p1/3pq1k1/4p1p1/8/1P1Q3P/P6P/5R1K b - - 9 32,f8f5 f1f5 e6f5 c7g7 g6f6 g7f7 f6f7 d3f5
1R6/4qpkp/1P1p2p1/2pP4/1pPb1Q2/1P1B2PP/5P1K/r7 w - - 3 30,b6b7 e7e1 b8g8 g7g8 b7b8q g8g7 d3f1 a1a2 f4f7 g7f7
6k1/1p3rb1/pQ1pr1p1/3Np2p/2P1PpPq/1P3K1P/P2RP3/7R w - - 14 38,b6f2 h5g4 f3g2 f4f3 e2f3 g4f3 g2f1 h4e4
8/2p3p1/p3N3/P7/3pP1k1/1P1Pn2p/8/6K1 w - - 2 39,e6d4 c7c5 d4e6 g4g3 e6g7 h3h2 g1h1 e3d1 g7h5 g3g4 h1h2 g4h5
r4r2/p4kbQ/1p4N1/2p2pP1/3p2n1/2PP4/PP1KPq2/R1B4R w - - 0 26,d2c2 f8h8 g6h8 a8h8 g5g6 f7f8 h7h8 g7h8 h1h8 f8g7
4r3/p2RP3/3P4/2k4p/8/5pr1/5R2/1K6 b - - 0 52,c5c6 d7d8 g3g1 b1a2 g1g2 f2g2 f3g2 d8e8 g2g1q e8c8 c6d6 e7e8q
8/8/6p1/p2p4/2k4P/8/PP1K4/8 w - - 0 46,b2b3 c4b4 d2c2 b4a3 c2b1 d5d4 b1a1 d4d3 a1b1 d3d2 b1c2 a3a2
1q2r1k1/5pb1/4b1pp/3N4/1BPn1PP1/7P/Q6K/1R2R3 b - - 0 33,e6d5 b4d6 e8e2 e1e2 b8d6 e2e8 g8h7 c4d5 d6f4 h2h1
1k1r3r/p1p1q3/QPn1p3/4P1pp/3Ppp2/2P5/2PK1PPP/RR6 b - - 0 22,c7b6 b1b6 a7b6 a6a8 b8c7 a1a7 c6a7 a8a7 c7c6 a7e7
8/2P3p1/7k/8/1P2npKP/4q2P/2Q5/8 w - - 3 60,c7c8q e3g3 g4f5 e4d6 f5e5 f4f3 e5d5 d6c8 c2c8 g3f4
2b5/2P4p/6p1/4K2P/5P2/4k3/8/8 b - - 0 61,g6h5 f4f5 h5h4 f5f6 h4h3 f6f7 h3h2 f7f8q h2h1q f8c8 h1e4 e5d6
8/2Q2ppk/4b2p/8/4P3/2p3P1/4KP1P/2r5 w - - 4 49,f2f4 e6b3 e4e5 c3c2 e5e6 f7e6 c7c3 c1d1 c3b3 c2c1n e2d1 c1b3
8/8/4p1p1/R2b3p/P1p5/2Pk4/5PPP/5K2 w - - 1 37,a5d5 e6d5 a4a5 d5d4 f1e1 d3c3 a5a6 c3c2 a6a7 d4d3
3q4/p4rpk/1pb5/4QPP1/2P3K1/1P2R2P/P7/8 b - - 2 50,g7g6 f5g6 h7g6 e5e6 g6g7 e6c6 d8d1 e3f3 f7f3 c6f3
B4rk1/2ppqppp/8/p1p5/Q7/2b5/PPP2PPP/R1B2bK1 w - - 0 15,b2c3 e7e1 c1b2 f8e8 a1e1 e8e1 f2f3 f1b5 g1f2 e1f1 f2e3 b5a4
8/2q2p1k/4p1pp/1p2P3/4QP2/P6P/6PK/8 w - - 0 32,a3a4 c7c4 e4c4 b5c4 a4a5 c4c3 a5a6 c3c2 a6a7 c2c1q a7a8q c1f4
r3k2r/pp1n1pR1/1q2p3/3pP1Bp/3p3P/bP1B1P2/2PQ1P2/1K4R1 b kq - 0 21,a3b4 d2f4 h8f8 g7f7 f8f7 d3g6 d7e5 f4e5 e8d7 g6f7
2r1r3/5pkp/Q2p2p1/p5q1/8/2P1P1P1/P5KP/R3R3 b - - 0 25,e8e3 a6c8 g5d5 g2g1 d5e4 e1f1 e3e2 f1f2 e2f2 g1f2
8/p7/1p1P1kp1/8/4KPPP/8/nP6/8 b - - 0 35,f6e6 h4h5 g6h5 g4h5 a2b4 d6d7 b4c6 h5h6 e6f7 e4d5
2rr1k2/6pp/1p2Qn2/p1b2Rq1/P7/2P3B1/1P3PPP/4R1K1 b - - 2 27,g5g6 f5c5 b6c5 g3d6 d8d6 e6d6 f8g8 d6e6 g6f7 e6c8
2k4r/p3bppp/1p3nP1/1K6/1P3P2/P3BN2/2q5/3R1B1R b - - 2 23,c8c7 d1c1 a7a6 b5a6 h8a8 a6b5 c2c1 e3c1 f6e4 b5c4
r2r3k/1pp3Nq/2n1Q3/p2n4/8/P3PP2/1P1BB3/1R2K3 b - - 0 30,h7g7 e1f2 g7h7 d2c3 d5c3 e6f6 h7g7 b1h1 h8g8 e2c4 d8d5 f6c3
2k5/pp6/r3p3/4PrPQ/2pP3P/2P1qp1R/PP3R2/2K5 w - - 3 39,c1d1 e3d3 d1c1 a6a2 h5e8 c8c7 e8e7 c7b6 e7e6 b6b5
8/p7/1p4kp/1P1R2b1/P1pPr1P1/4P2P/3K4/8 b - - 0 45,e4e3 d5g5 h6g5 d2e3 g6f6 e3e4 f6e6 d4d5 e6d6 e4d4 c4c3 d4c3
8/4b1pk/2R1P1qp/3p4/3P4/5P1P/4QP2/1rN4K w - - 5 43,h1h2 e7d6 h2h1 g6f5 f3f4 f5f4 e2c2 g7g6 h1g1 f4h2 g1f1 h2h3
3q2k1/pb1p2p1/1p1Pp1B1/2b2P2/2P4p/6PK/7P/4RR2 b - - 0 37,d8f6 f5e6 f6g6 e6d7 g6d6 e1e8 g8h7 d7d8q d6d8 e8d8
2r1r1k1/5pp1/1Qp2n1p/8/2PPp3/2P1B2q/4BP2/1R3RK1 w - - 0 23,b6c5 e8e6 e3f4 e4e3 f2e3 f6e4 c5h5 e6g6 h5g6 f7g6
1r1b1r1k/Rp6/3P1p2/2P4q/1P6/5Kp1/1B4Q1/4R3 w - - 2 38,f3f4 h5g5 f4f3 g5f5 f3e2 f8e8 e2d2 e8e1 d2e1 f5b1 e1e2 b1b2
8/5p2/p2k1Pp1/Ppp3p1/4K1P1/1P5P/2P5/8 w - - 1 41,c2c3 d6e6 b3b4 c5b4 c3b4 e6f6 e4d5 f6e7 d5c6 f7f5 g4f5 g6f5
rr5k/4Np1p/5Ppb/8/p2P4/Q7/1B1q2PP/1R3RK1 w - - 2 30,b2c1 d2d4 g1h1 b8b1 a3f3 a8a6 c1h6 b1f1 f3f1 a6f6 f1c1 f6d6
6rk/1pq4p/p4pr1/3Q4/3P4/PPP2Rb1/1B1N3P/5RK1 w - - 0 26,f3g3 g6g3 g1h1 g3g5 d5e6 c7g7 d2f3 g5g2 e6h3 g2b2
rn1qk2r/pbp4p/1p1ppbp1/4N2Q/3P4/3B4/PPP3PP/RN3RK1 w kq - 0 13,e5g6 f6d4 g1h1 h7g6 h5g6 e8d7 f1f7 d7c8 g6e6 b8d7
r1bq2k1/1np3pp/1p1p4/p2P4/3P3b/4BQP1/PPP2P2/2KR3R b - - 0 16,h4g5 h1h7 g8h7 f3f7 g5e3 f2e3 c8h3 d1h1 d8c8 f7h5 h7g8 h1h3
3qk1nr/p2rbpp1/1p2p2p/2p1P2Q/2Pn4/1PN1B1PN/P4P1P/3R1RK1 w k - 6 18,c3b5 g7g6 h5g4 h6h5 g4e4 d4e2 g1g2 d7d1 f1d1 d8d1
2k5/5p2/Q1P2p2/4p3/7p/P6P/6PK/3r1r2 b - - 4 37,c8c7 a6b7 c7d6 b7d7 d6c5 d7d1 f1d1 c6c7 d1d6 c7c8q
8/p6p/1p4p1/1P1p1kP1/P2K1P1P/8/8/8 b - - 6 44,f5f4 d4d5 f4g3 d5c6 g3h4 c6b7 h4g5 b7a7 h7h5 a4a5 h5h4 a5b6 h4h3 b6b7 h3h2 b7b8q
R7/7k/5K2/4P3/6r1/7p/8/8 w - - 0 51,a8a3 g4g6 f6f7 h3h2 a3h3 g6h6 h3h2 h6h2 e5e6 h2f2
8/1r2k3/R3p1p1/K1n5/2P1P1P1/5P2/8/5R2 b - - 2 36,c5a6 a5a6 b7b4 c4c5 e7d7 f1d1 d7c6 d1d6 c6c5 d6e6
7k/pp2q1p1/1n2p1Bp/1b3pN1/1n1P3P/8/PP1K1PP1/1Q5R b - - 0 24,h6g5 h4g5 h8g8 h1h8 g8h8 b1h1 h8g8 h1h7 g8f8 h7h8
r5k1/1bpqr3/1p1p2pR/3P4/5BPQ/p4P2/Pb4K1/7R b - - 1 29,b7d5 h6g6 e7g7 h4h8 g8f7 g6g7 b2g7 h8h5 f7f8 h5d5
5r1k/p3q1b1/1p4Qp/2p1P3/2P5/1P3KP1/P7/2B4R w - - 1 34,f3g2 e7b7 g2g1 f8f1 g1f1 b7h1 f1e2 h1c1 e5e6 c1b2
8/8/p7/P4p2/3Kp1kp/4P3/5PP1/8 b - - 1 40,h4h3 g2h3 g4h3 d4e5 h3g4 e5f6 f5f4 f6e5 f4e3 f2e3
1k5r/4bp1p/Q3p3/2N2p2/1q1r4/8/PP3PPP/R3R1K1 w - - 1 24,e1e3 b4c5 e3c3 h8d8 c3c5 d4d1 a1d1 d8d1 a6f1 d1f1 g1f1 e7c5
7r/7r/4p2P/1p1p2k1/p2P3R/2P1K3/PP6/7R b - - 0 44,h7h6 h4h6 h8h6 h1h6 g5h6 e3f4 h6g7 f4e5 g7f7 e5d6
2k4r/2p2p2/2p5/p5q1/6b1/PP1P2b1/R1PN1Q2/1K2R3 w - - 6 28,f2e3 g3f4 e3a7 f4d2 a7a8 c8d7 a8h8 d2e1 h8d4 d7c8
1r4k1/p1n1pp1p/3p2pQ/q1pP2P1/1rP1P2P/8/1P1RN3/2KN3R w - - 1 23,e2c3 a5a1 c1c2 b4b2 c2d3 b2d2 d3d2 b8b2 d1b2 a1b2 d2e3 b2c3
8/8/1p3p2/1P2p3/4P1pk/4K2p/2r2N2/7R b - - 7 55,c2f2 e3f2 f6f5 e4f5 g4g3 f2f3 e5e4 f3f4 h3h2 f5f6 h4h3 f6f7
r2q1r1k/2p2b2/p5pp/1pN5/5p2/1B6/PQ3PPP/4R1K1 b - - 0 26,h8g8 c5e6 f7e6 e1e6 g8h7 h2h4 d8h4 b2e5 f8f7 e6g6 f7e7 g6e6 e7e6 e5e6 h4d8 b3c2 h7g7 e6g6 g7f8 c2b3
6rk/3b1prp/p2p1Q2/2pPp3/3qP1P1/5B1P/5PK1/R6R w - - 3 26,f6d6 d7g4 h3g4 g7g4 f3g4 d4e4 g2f1 e4h1 f1e2 h1e4
r4k2/1p3pb1/2p3p1/8/2pNp2Q/2PnP3/1q3P1R/5K1R b - - 6 35,g6g5 h4g5 a8a1 f1g2 b2f2 g2h3 f7f6 d4e6 f8f7 g5g7
5qk1/2p5/3p3b/3Pp3/Q1P1Nnpp/2N2P1P/1r6/R4BK1 w - - 0 33,h3g4 f4h3 f1h3 h6e3 e4f2 b2f2 c3d1 f2a2 d1e3 a2a4 a1a4 f8f3
6r1/4k3/4p3/q2p1n1Q/3P4/pPp2R2/P1K2P2/1N6 w - - 12 35,h5h7 g8g7 h7h8 f5d4 c2d3 a5b5 d3d4 b5b4 d4d3 b4e4 d3c3 e4f3
8/8/6p1/7p/7P/5PK1/4k3/8 w - - 6 54,g3f4 e2f2 f4e4 f2g3 f3f4 g3h4 e4f3 h4h3 f4f5 g6f5
4k2r/p1p2ppp/2q2n2/8/4PB1b/2NP1P1b/PPP4P/R2Q2KR w k - 3 14,d1d2 f6h5 f4g3 c6g6 d2f2 h5g3 h2g3 h4g3 h1h3 g3f2
8/8/7P/4R3/5k1K/8/8/6r1 w - - 1 52,h4h5 f4e5 h6h7 e5e6 h5h6 e6f7 h7h8q g1h1 h6g5 h1h8
r4k1N/p1p2Bpp/1b6/2p3q1/4n3/5P2/PP4KP/R3Q2R w - - 4 24,g2f1 e4d2 f1e2 c5c4 e1d2 g5g2 e2d1 g2f3 d1c2 f3e4
8/6p1/2k4p/2P1pp1P/7r/3PK3/1PR5/8 w - - 2 46,c2c4 h4c4 d3c4 c6c5 e3d3 c5b4 b2b3 f5f4 d3e4 b4c5
4r1k1/p3rnp1/1p1q1bpp/2pPN3/P1P1QPP1/2B4P/4R1K1/4R3 b - - 6 29,f6e5 f4e5 f7e5 e4f4 e5f7 e2e7 d6f4 e7e8 g8h7 e8e4
8/8/1p1p1kp1/2pPp3/2P3KP/2P5/5P2/8 b - - 0 34,f6g7 g4g5 g7f7 g5h6 f7f6 f2f3 f6f5 h6g7 f5f4 g7g6 f4f3 h4h5
rn1q2k1/ppp2ppp/3br3/8/6b1/5N2/PPP1BPPP/R1BQ1RK1 w - - 4 13,e2c4 g4f3 d1f3 d8h4 c1f4 h4f4 f3f4 d6f4 c4e6 f7e6
2r2rk1/1p5p/p1q3p1/3pQpN1/P1P5/1P3PP1/4P1KP/3R4 b - - 0 25,d5c4 d1d6 c8e8 e5d4 e8e2 g2f1 c6e8 d4c4 g8h8 c4e2 e8e2 f1e2
3rr2k/3qn1pp/p3R3/1p3p1Q/7R/2P4P/PP3PP1/6K1 b - - 9 27,h7h6 e6h6 g7h6 h5h6 h8g8 h6h8 g8f7 h4h7 f7e6 h7h6 e7g6 h6g6 e6d5 h8d4
2n5/2P5/P2k4/3Pp3/5pP1/5P2/5K2/8 b - - 0 50,d6c7 g4g5 c8b6 a6a7 c7b7 d5d6 b6d7 g5g6 b7a7 g6g7 a7b6 g7g8q
8/6K1/5p1p/1k4nP/4Pp2/5P2/6P1/8 b - - 0 50,b5c4 g7h6 c4d4 h6g7 d4e5 h5h6 e5e6 h6h7 g5h7 g7h7
Q7/3q2bk/7p/p7/8/1P1P4/P5PP/6K1 w - - 3 36,a8a5 d7d4 g1f1 d4d3 f1f2 g7d4 f2e1 d4c3 a5c3 d3c3
5rk1/1R2n1b1/p1p5/7p/2PP2pN/3QP3/3N2PP/q5K1 w - - 3 28,d2f1 a1e1 g2g3 e1f2 g1h1 f2f1 d3f1 f8f1 h1g2 f1f7
2r5/1b1k4/p3p2p/1p6/2PppP2/1P2P3/P2Nq1PP/2QR2K1 w - - 4 29,d2e4 b7e4 d1d4 e4d5 c1d2 e2d2 d4d2 b5c4 b3c4 c8c4
8/pp3k2/2q1br1p/3p4/P7/2P3Q1/5P1P/R2R2K1 w - - 2 27,g1f1 c6c4 d1d3 e6f5 a1d1 f5g4 d1d2 f6f3 f1g2 f3g3
8/r1p5/P6p/PKpk1B1P/8/6P1/8/8 b - - 0 57,d5d6 f5c8 d6d5 c8b7 d5d4 g3g4 c5c4 g4g5 c4c3 g5h6 d4d3 h6h7
1r1r4/7R/p2P2p1/4R2p/PbN1P1pk/1P6/2P4P/6K1 w - - 3 34,e5e6 d8f8 e6e5 f8f3 e5d5 b8f8 c4d2 f3e3 d6d7 e3e1 g1g2 e1e2
1k1q3r/pp2b3/3p1p2/3P4/1P2PpP1/P5p1/2Q1BPP1/2R2RK1 w - - 2 30,f2g3 d8b6 f1f2 f4g3 c2c7 b6c7 c1c7 g3f2 g1f2 b8c7
2r2r1k/2qpnp1B/pn2p1p1/4P1NQ/P2p4/2P5/5PPP/R4RK1 w - - 0 21,h5h6 e7f5 h6h3 c7c3 g2g3 h8g7 h7g6 g7g6 h3h7 g6g5 f2f3 c3e3 g1g2 b6d5 f3f4 d5f4 g3f4 e3f4 f1f4 g5f4
6k1/p4ppp/4p3/2qpP1PP/8/2r5/P3QPK1/1R6 b - - 3 28,h7h6 b1b8 g8h7 g5g6 f7g6 h5g6 h7g6 e2g4 g6h7 g4e6 c5c6 e6g8 h7g6 b8f8
q3r1k1/2p2ppp/p2b4/1p6/3n4/3PB3/PPP1QPPP/RN4K1 w - - 6 17,e2d2 d4f3 g2f3 a8f3 b1c3 d6h2 g1h2 e8e5 e3g5 f3h5 h2g1 e5g5
8/8/ppp3p1/4p1k1/PPP1P3/5PK1/8/8 b - - 0 46,c6c5 a4a5 b6a5 b4b5 a6b5 c4b5 c5c4 b5b6 c4c3 b6b7 c3c2 b7b8q
1r2rk2/pp4p1/4pq2/3p4/8/2P1R1Q1/PP3P2/5R1K b - - 4 31,f8e7 e3f3 e7d7 f3f6 g7f6 g3f4 e8h8 h1g2 b8g8 g2f3
8/8/4pp2/3nk3/3R2KP/8/8/8 w - - 1 43,d4d5 e6d5 h4h5 e5e6 h5h6 e6f7 h6h7 f7g7 h7h8r g7h8
r2qk2r/pQ1n1ppp/1b1p4/1B2n3/8/B1P5/P4PPP/RN3RK1 b kq - 3 14,a8b8 b5d7 e5d7 f1e1 d7e5 b7c6 d8d7 c6d6 d7d6 a3d6
8/8/8/P7/4kp2/K7/1R6/r7 w - - 3 56,b2a2 a1a2 a3a2 e4d5 a5a6 d5c6 a6a7 c6b7 a7a8r b7a8 a2b1 f4f3 b1c2 f3f2
8/5k2/6p1/6P1/r2R1p2/2PK4/8/8 b - - 2 71,a4d4 d3d4 f7e6 c3c4 f4f3 d4e3 f3f2 e3f2 e6f5 c4c5
5nk1/q5b1/2Bp2bp/3Pp1p1/8/1P6/3N1RPP/3Q2K1 w - - 1 29,d1f3 e5e4 d2e4 g6e4 f3e4 a7a1 f2f1 g7d4 e4d4 a1d4
8/2k2p2/K7/1P2pp1p/7P/5P2/6P1/8 b - - 3 40,c7b8 g2g4 f5g4 f3g4 h5g4 h4h5 g4g3 h5h6 g3g2 h6h7 g2g1q h7h8q b8c7 h8e5
5B2/1p5p/p5p1/8/1Pk2PPP/5K2/2n5/8 b - - 0 44,c2b4 f8b4 c4b4 f4f5 g6f5 g4g5 a6a5 h4h5 a5a4 g5g6 h7g6 h5h6
rb2r2k/1p3pp1/p1p5/3pB2q/PP6/2PQRb2/5PPP/R5K1 w - - 0 27,e3f3 h5e5 f3h3 h8g8 d3h7 g8f8 h3e3 e5h2 h7h2 b8h2
8/7p/5b2/P2p4/3kpKP1/7P/3B4/8 b - - 0 46,f6d8 d2e3 d4d3 a5a6 d8c7 f4f5 c7b8 a6a7 b8a7 e3a7 e4e3 f5e5 e3e2 a7f2
8/8/2p4P/6R1/2k3P1/1p6/r4P2/5K2 w - - 0 39,h6h7 b3b2 f1g2 b2b1q h7h8q b1e4 g2g3 a2a3 g3h2 e4f4 h2g2 f4g5
rn2kbnr/pp2p1pp/3q4/3N4/8/7P/PPP2PP1/R1BQR1K1 b kq - 0 13,b8c6 c1f4 e7e5 f4e5 c6e5 d1h5 g7g6 e1e5 g8e7 h5e2 e8c8 d5e7
6k1/2p2qp1/3b1p2/2pN1Q2/2R4P/r5r1/5K2/B2R4 b - - 0 52,g3h3 d5f6 g7f6 c4g4 g8f8 f5c8 f7e8 g4g8 f8g8 c8e8
r4rk1/7p/4p1p1/3p4/1p3P2/pPq1b1RQ/P2N2R1/3K4 b - - 1 33,d5d4 g3g6 g8h8 g6g7 c3a1 d1e2 d4d3 e2e3 a1e1 e3f3
1R6/5r2/8/k1pp2P1/8/1P2Kp2/5P2/8 b - - 0 47,f7f5 g5g6 f5g5 b8g8 a5b4 g6g7 b4c3 b3b4 g5e5 e3f4
8/6p1/7p/pKP1pk2/5p2/7r/8/2R5 b - - 0 71,f4f3 c5c6 f3f2 c6c7 h3c3 c1c3 f2f1q c3c4 f1b1 b5a6
1r4k1/pb1p1ppp/1p6/8/3Q1Nq1/B7/P4PPP/R4nK1 w - - 4 23,g1f1 b7g2 f1e1 b8e8 e1d2 e8e4 d4d6 g4f4 d6f4 e4f4
1r5k/2p3b1/3pQNp1/6P1/q7/7P/5P2/4R1K1 b - - 0 39,a4f4 e6e8 b8e8 e1e8 g7f8 e8f8 h8g7 f6h5 g7f8 h5f4
6k1/R7/6K1/1pp4P/5B2/3p4/p4r2/8 b - - 3 52,f2g2 f4g5 g2g5 g6g5 d3d2 g5g6 g8f8 a7f7 f8e8 f7f1
r2qrk2/pp2npbQ/6p1/3pp1P1/3p4/BP1P3P/P2N3P/5RK1 b - - 0 21,a7a5 d2f3 d8b8 f3h4 a8a6 h4g6 a6g6 h7g6 f8g8 g6f7
3r4/6k1/3q1p2/6pQ/8/6R1/6PK/8 b - - 1 43,f6f5 h5g5 g7f7 g5g7 f7e6 h2h3 d6d4 g3g6 e6d5 g7f7 d5e4 g6e6 e4d3 f7f5
7k/1p3p2/p4P2/4PB1p/P1p2KPP/4R3/1P1r4/6r1 b - - 4 40,d2f2 f4g5 h5g4 e5e6 g1f1 e6e7 f2f5 g5g4 f5f6 e7e8q
6rk/p1qb2pp/2pbp3/3pNr1P/2pPpBQ1/P1P1P3/1P2KPP1/1R5R b - - 6 22,d7e8 e5g6 e8g6 h5g6 h7h6 f4h6 g7h6 h1h6 h8g7 h6h7
3b4/3P4/4kp2/p2N2pp/P2P3P/6P1/8/6K1 w - - 1 34,g3g4 e6d5 g4h5 d5e6 h5h6 e6f7 h6h7 f7g7 h7h8q g7h8
8/p1p5/2p2kp1/1p3p1p/1P1P1K1P/P4PP1/2P5/8 w - - 0 36,c2c3 g6g5 h4g5 f6g6 f4e5 g6g5 d4d5 c6d5 f3f4 g5g4
8/8/2R4P/6K1/5p2/8/r1p2k2/8 b - - 0 54,f2e2 h6h7 a2a8 c6c2 e2d3 c2h2 d3e3 h2h3 f4f3 g5g4
6k1/5pp1/q4bnp/8/8/P4QPP/4rB2/2R3KR w - - 1 32,g1g2 f6d4 h1f1 g6e5 f3d5 d4f2 f1f2 e2f2 g2f2 e5d3
8/8/4k1p1/7p/4KP1P/8/8/8 w - - 6 51,e4f3 e6f5 f3e3 f5g4 e3e4 g4h4 e4f3 h4h3 f4f5 g6f5
2rq1rk1/4b1pp/2n1p3/3pP1P1/pp3P2/3QB2R/PPP3P1/2K4R b - - 0 21,b4b3 d3h7 g8f7 h3h6 f7e8 h7g6 f8f7 h6h8 e8d7 h8d8
5r2/5PR1/8/8/3p1kP1/2pK4/8/8 b - - 2 48,f4e5 g4g5 c3c2 d3c2 e5e6 g5g6 e6f6 g7g8 f8f7 g6f7
2r3k1/3n1pp1/q4n1p/1p1p1p2/3B1Q2/Pp1PP1P1/5PBP/1R4K1 w - - 0 27,f4f5 a6a3 g2d5 c8c1 b1c1 a3c1 g1g2 b3b2 d4b2 c1b2
1k5r/1qr5/1p1p4/1P3N2/Q1nNp3/6P1/2P2P2/R5K1 b - - 0 44,e4e3 d4c6 c7c6 b5c6 e3f2 g1f2 b6b5 a4c4 b5c4 c6b7
1r5k/1b5r/2pR4/4p3/8/8/QP2q1PP/3R3K b - - 8 44,c6c5 d6d8 b8d8 d1d8 h8g7 a2g8 g7f6 d8d6 f6f5 g8h7
8/8/bK6/P7/2p2k2/2P5/8/8 b - - 1 45,f4e4 b6a6 e4d3 a6b5 d3c3 a5a6 c3d3 a6a7 c4c3 a7a8q
1Q4nr/2N4p/2qpkbp1/4p3/4P2P/5KP1/PP3P2/4R3 b - - 1 25,e6d7 c7d5 f6d8 b8a7 d7e8 a7g7 d8f6 d5f6 g8f6 g7h8
r3r3/4b3/6k1/3q3p/2pp1QbP/pP4N1/P1P5/1K2RR2 b - - 1 30,c4b3 e1e7 b3c2 b1c1 a8a6 e7e8 a6b6 f4e4 d5e4 e8e4 d4d3 c1d2
6k1/ppp3pq/3p1r2/3P4/2P3Q1/3P1r1p/P1KR1P2/7R b - - 3 37,f3f2 g4c8 f6f8 c8e6 g8h8 h1h3 f2d2 c2d2 h7h3 e6h3
2qr3k/6pp/8/5p2/1P1Qp3/4P1P1/P5K1/R7 w - - 12 40,d4b2 f5f4 e3f4 c8g4 b2f2 d8d3 a1e1 d3f3 e1e4 f3f2
r4rk1/p5b1/1p1p2q1/3n2P1/2B1p3/7Q/PP6/RN2K1R1 b Q - 1 26,f8f5 b1c3 g7c3 h3c3 g6h5 a1d1 h5h4 c3g3 h4g3 g1g3
2k3r1/R7/1p2pnr1/3p1p2/3P1q2/2P3R1/1P2Q2P/5NK1 b - - 0 28,c8b8 e2a6 g6g3 h2g3 g8g3 f1g3 f4g3 g1f1 g3f4 f1e2 f4e4 e2d2
1r3r2/p4pkp/1n2p3/Q6N/2PP2P1/7P/4PP1q/2R1K3 b - - 2 23,g7h8 a5g5 h2h1 e1d2 b6c4 d2c3 h1c1 g5c1 f8c8 c1h6
3r2k1/Bp3p2/2p3p1/4PbPp/1n2pP1P/1PN5/PKP5/6R1 w - - 1 23,a7b6 d8d2 c3e4 f5e4 b2c3 d2d5 c3b4 d5b5 b4c3 b5b6
r3r1k1/pp3p1p/2b3p1/2qp1P2/8/3B2RP/1P1Q2PK/R7 b - - 0 26,c5f8 f5g6 f7g6 d3g6 h7g6 g3g6 g8h7 d2g5 e8e5 g5e5 h7g6 a1a3
r5kr/3p2b1/p1b1pP2/1pB3qB/7p/6N1/PPP4P/R2Q1RK1 b - - 0 21,h4g3 f6f7 g8h7 d1d3 h7h6 c5e3 g3h2 g1f2 h6h5 e3g5
8/1R6/6k1/5p2/3b2p1/6r1/1P3R2/5K2 w - - 1 50,f2d2 g3g1 f1e2 g1g2 e2d1 g2d2 d1d2 g4g3 b7b3 f5f4
8/6p1/4p3/p7/5Pp1/1P3kP1/P1K4P/8 w - - 1 39,b3b4 a5b4 c2b3 f3g2 b3b4 g2h2 a2a4 h2g3 a4a5 g3f4 a5a6 g4g3 a6a7 g3g2 a7a8q g2g1q
5k1r/p6p/3R2p1/3QR3/7q/5P2/PP3KPP/2r5 w - - 3 24,f2e3 c1e1 e3d2 h4b4 d2c2 b4a4 b2b3 a4a2 c2c3 a2a1
8/2pr2k1/pp3RP1/3P1K2/PPP5/8/8/8 w - - 7 51,f5e6 d7d6 e6e7 d6f6 e7d7 f6f4 c4c5 a6a5 c5b6 c7b6
5k2/1p6/2p4p/4P3/1P4p1/3Q2Pb/4R3/r5K1 w - - 2 36,g1f2 a1f1 f2e3 f1f3 e3d4 f3d3 d4d3 h3f1 d3e3 f1e2
7k/8/2p1pb1P/1p2P1p1/5p2/2r2P2/7R/1B1K4 b - - 0 40,f6e5 h2a2 h8g8 b1g6 g8f8 a2a7 c3f3 a7f7 f8e8 f7f4 e8d7 f4f3
8/8/8/p1p2kPp/3pp2P/1P4P1/P2K4/8 w - - 8 59,d2e2 a5a4 b3a4 c5c4 g5g6 f5g6 a4a5 c4c3 a5a6 d4d3 e2f2 c3c2
8/p2r4/1pR1k2p/6p1/4K1P1/1P6/P7/8 b - - 2 47,d7d6 c6d6 e6d6 e4f5 d6d5 f5g6 d5e4 g6h6 e4f4 h6h5 a7a5 a2a4
5R2/4p3/p2r2k1/4q3/3n2Q1/8/PpP3P1/1K6 b - - 1 34,g6h7 f8f7 h7h6 g4h4 h6g6 h4h7 g6g5 f7g7 g5f4 h7h2 f4e4 g7g4 e4d5 c2c4 d5e6 g4g6
8/5B2/1p6/p3p1p1/P7/1P1knPPK/8/8 w - - 24 55,f7e6 d3e2 e6g4 e3g4 h3g4 e2e3 g4g5 e3f3 g3g4 e5e4 g5f5 e4e3
6k1/5p1p/p5p1/5q2/1P6/P1Q4P/R2prPP1/3R2K1 w - - 4 32,f2f3 f5g5 c3c8 g8g7 c8g4 e2e1 g1h2 g5g4 h3g4 e1d1 h2g3 g6g5
r6k/5p1P/2n1pb2/3p4/1p1PnP2/1P3N2/2P3Q1/qNKR3R w - - 3 28,f3e5 c6e5 d4e5 f6g5 f4g5 a8a2 g2e4 a1b2 c1d2 d5e4 d2e3 a2a8
6k1/5p2/q3pB2/3b2P1/P7/1P6/2B5/1K1R4 b - - 0 48,a6b7 d1d4 g8f8 d4h4 f8e8 g5g6 d5b3 g6g7 b3c2 b1c2 b7g2 c2b3 g2g3 f6c3 g3h4 g7g8q
8/1p5p/p1p5/2Pk2p1/P2Pp3/4P1K1/6PP/8 b - - 4 31,h7h5 h2h4 g5h4 g3f4 a6a5 f4f5 h4h3 g2h3 h5h4 f5f4 d5c4 f4e4
6k1/5pp1/2K1p3/2n1P3/2P5/7p/P7/6B1 b - - 3 41,c5e4 a2a4 g7g5 a4a5 g8g7 a5a6 g5g4 a6a7 g4g3 a7a8q h3h2 g1h2 g3h2 a8a1
r1bqkr2/7n/3p1b2/p2P1p1p/1pPN2p1/1P1QB3/P2N2PP/R4RK1 w q - 1 24,d4f5 f6a1 d3e4 a1e5 f5g7 e8d7 e4h7 f8f1 d2f1 d8e7 h7f5 d7c7 g7e6 c8e6
3q2k1/1b2rp1p/6p1/1p6/3b1Q2/7P/PP4P1/4RR1K b - - 3 33,e7e1 f4f7 g8h8 f1e1 b7c6 e1e7 d8g8 f7g8 h8g8 e7e6 c6d7 e6d6
4R2R/1q2k1p1/4p3/Bp1r1p2/4NP2/P2p2K1/1bP5/8 b - - 1 50,e7f7 h8f8 f7g6 e8e6 b2f6 e4f6 g7f6 f8f6 g6g7 f6g6 g7h7 g6h6
r5rk/ppp2p2/7q/P3p3/P3BP2/2P1P2b/2Q3P1/1R3RK1 b - - 2 22,g8g2 e4g2 h3g2 g1g2 a8g8 g2f3 h6h5 f3e4 h5g6 f4f5 g6c6 e4e5
2br1k2/pp2q3/2p3Rr/5p2/3pnN2/1P2PQ1B/P3K3/2R5 b - - 1 33,e4c3 c1c3 d4c3 g6h6 d8d2 e2e1 e7a3 f4e2 d2e2 f3e2 a3c1 e1f2
7R/8/8/2k5/Kp5P/p1r5/P7/8 b - - 3 53,c3c4 h8c8 c5d4 c8c4 d4c4 h4h5 c4c3 h5h6 b4b3 h6h7 b3b2 h7h8q
5rk1/pBp2ppp/5n2/5q2/Q3r3/2B4P/PP2nPPK/R3R3 w - - 3 18,b7e4 f6g4 h3g4 f5f4 g2g3 f4f2 e4g2 f2g3 h2h1 g3h4 g2h3 h4h3
6rk/5p2/4p3/3p1q2/3P1p1p/2P2PrP/4RQP1/6RK w - - 2 42,e2e5 g3h3 g2h3 f5h3 f2h2 h3f3 g1g2 h4h3 e5h5 f3h5 g2g8 h8g8
8/8/8/1p2p1kp/1P3pp1/4K1P1/2B5/8 w - - 0 52,g3f4 e5f4 e3f2 h5h4 c2d3 h4h3 d3e4 g5h4 e4c6 f4f3 f2g1 h4g3
1r3rk1/p4pp1/2p1p2P/8/P6P/1P1P1Q2/2q2P2/3R2K1 b - - 0 26,g7g6 f3f6 c2d1 g1h2 d1a1 d3d4 a1d4 f6d4 e6e5 d4e5 f7f6 e5c7
2bqr2k/6pp/1p1p4/p2PnRN1/P1p4Q/7P/1PP3P1/6K1 b - - 13 33,h7h6 f5e5 h8g8 h4e4 d6e5 e4h7 g8f8 h7h8 f8e7 h8g7 e7d6 g5f7 d6d5 f7d8
8/6p1/7p/2K2k1P/p4P2/P4P2/8/8 w - - 0 53,c5b4 g7g6 h5g6 f5g6 b4c3 g6f5 c3d2 f5f4 d2e2 f4g3 e2e3 h6h5
r1b2rk1/pp3ppp/4pb1q/2p1n3/4N3/4PNRB/PP2Q2P/2K3R1 b - - 8 17,c8d7 e4f6 h6f6 g3g7 g8h8 f3e5 f6e5 e2d3 e5g7 g1g7 h8g7 d3d7
8/5p2/8/p1pK1k1p/6pP/1P4P1/P7/8 b - - 0 39,f7f6 a2a3 f5g6 d5c5 f6f5 c5d4 f5f4 g3f4 g4g3 d4e3 g6f5 e3f3
1r3r2/p6k/3p3n/q1pPpppP/8/2P2B2/PP1Q1P2/1K1R3R w - - 0 24,d2g5 b8b2 b1b2 f8b8 b2c2 a5a2 c2d3 c5c4 d3e3 f5f4 g5f4 e5f4
2r1r1kb/1b3p1p/2p1p1pB/1p4N1/p3RQ2/P6P/q1P2PP1/4R1K1 b - - 0 26,f7f5 e4e6 e8e6 e1e6 a2a1 g1h2 a1d4 f4c7 h8e5 c7e5 d4e5 e6e5
6r1/ppp5/3k4/2bq1b2/4p3/2Q5/PP1P1PPP/R1B1R1K1 w - - 4 18,c3f6 d6d7 g2g3 f5h3 f6h4 c5f2 g1f2 e4e3 f2e2 h3g4 h4g4 g8g4
2Q3R1/5p1p/p5pk/3P4/2P3P1/7P/r4q2/4R2K w - - 3 34,g4g5 h6g5 e1g1 g5h6 g1g6 h7g6 g8h8 h6g7 c8f8 g7f6 f8d8 f6f5
8/6p1/4k3/5p1p/2pP3P/5PP1/3K4/8 b - - 0 35,e6d5 d2c3 f5f4 g3f4 g7g6 f4f5 g6f5 f3f4 d5e4 c3c4 e4f4 d4d5 f4g3 d5d6 f5f4 d6d7
8/5p2/p3p1p1/1p5p/5P1P/P1k2K2/5P2/3B4 w - - 2 31,f3e2 a6a5 a3a4 b5b4 e2e3 b4b3 d1f3 c3b4 e3d2 b4a4 d2c1 f7f5 c1b2 a4b4 b2b1 a5a4
8/5P1p/4K3/2k5/rp2p3/2p1P2P/4R3/8 b - - 0 50,a4a8 e2g2 a8f8 g2g8 f8f7 g8c8 c5b5 e6f7 b5a4 f7e6 a4b3 e6d5
8/4k3/3PP1p1/4K1P1/p1p5/2P5/2b5/8 b - - 0 51,e7e8 e5f6 c2e4 d6d7 e8d8 e6e7 d8d7 f6f7 e4d5 f7f8 d7e6 e7e8q
6k1/p5p1/1p5p/2P2R2/P1r3PP/1K6/8/8 b - - 2 35,c4c5 f5c5 b6c5 b3c4 g8f7 c4c5 f7f6 c5d6 a7a5 d6d5 g7g5 h4h5
r1bq1r2/pp1nb1pk/2n1pp2/2ppP1N1/3P3P/P1P5/1P1N1PP1/R1BQK2R b KQ - 1 11,f6g5 h4g5 h7g8 h1h8 g8h8 d1h5 h8g8 g5g6 d7f6 e5f6 f8f6 h5h7 g8f8 h7h8
8/5ppk/3Q4/3PP3/5pnp/2N1qB1P/6K1/8 w - - 0 40,h3g4 h4h3 g2h3 e3f3 h3h4 f3c3 d6d7 c3e1 h4g5 e1e5 d7f5 e5f5 g4f5 f4f3
3r4/p3rkpp/1p3p2/2p5/2P1q2Q/1P3R2/P1P3PP/5RK1 w - - 8 29,f3f6 g7f6 h4f6 f7e8 f6f8 e8d7 f1d1 d7c6 d1d8 e4e3 f8f2 e3c1 f2f1 e7e1
6k1/B1pq1ppp/2p2b2/3p4/3P4/5Q1P/Pr3PP1/4R1K1 b - - 0 19,b2a2 f3b3 a2a7 b3b8 f6d8 b8c8 a7a1 c8d7 a1e1 g1h2 g7g6 d7d8
8/8/p6p/1p4k1/4Kp2/2P2P1P/P7/8 b - - 0 48,g5h4 e4f4 h6h5 f4e5 h4h3 f3f4 h5h4 f4f5 h3g2 f5f6 h4h3 f6f7 h3h2 f7f8q
r7/6k1/4p3/p2p1p2/R2P1P1P/2p3P1/1r1NRK2/8 w - - 0 35,d2f3 c3c2 a4a1 b2b1 e2e1 a8b8 f3d2 b1a1 e1a1 a5a4 a1c1 b8b2
r1bkr3/ppp1q3/3p4/3N4/2PQ4/8/PP4PP/5RK1 b - - 1 24,e7e5 d4h4 e8e7 d5e7 e5e3 g1h1 e3e7 f1f8 d8d7 h4g4 d7c6 g4f3
8/5Rp1/4p2p/4P3/3k4/6KP/3r2P1/8 b - - 0 44,g7g5 f7d7 d4e3 d7d2 e3d2 g3g4 d2e3 g4h5 e3f4 h5h6 f4e5 h6g5
8/7p/6p1/3k2P1/1p1P1P2/1Pp4P/2K5/8 w - - 1 43,c2d3 c3c2 d3c2 d5d4 h3h4 d4e4 f4f5 e4f5 c2d3 f5g4 d3c4 g4h4 c4b4 h4g5
r7/P6R/1P6/3pK3/4b3/8/6kp/8 b - - 1 62,g2g3 h7h6 h2h1r h6h1 e4h1 b6b7 a8a7 b7b8q a7a6 e5f5 g3f2 b8b2
6rr/p1Q1k3/3p4/4pp2/2Pn1p1q/7P/PP3PBK/5R2 b - - 4 26,e7e6 g2d5 e6f6 c7f7 f6g5 f7e7 g5h5 d5f7 g8g6 f7g6 h5g6 f1g1
5rk1/p3q1bp/1pp3p1/1B1pn3/1P2b3/1R6/P1PB1PPP/3Q1RK1 w - - 0 20,b5d3 e5f3 g2f3 e4f3 d3e2 f3e2 f1e1 f8f2 g1f2 g7d4 f2g3 d4e5 d2f4 e2d1 e1e5 e7d7
1rr4k/1q5p/3ppNpP/p1n1p3/4P3/1PP5/P2Q1PP1/1K1R3R w - - 1 25,d2d6 c5b3 d6d7 b3d2 b1c2 b7b2 c2d3 c8c3 d3e2 d2e4 d1d2 b2d2 d7d2 e4d2
3rq2k/Q3b2p/3pP3/1Pp1pP2/P1B3p1/1P6/6Pr/3R1RK1 w - - 0 28,g1h2 e8h5 h2g1 g4g3 f1f3 h5h2 g1f1 h2h1 f1e2 h1g2 e2e3 e7g5 e3e4 g2c2 d1d3 d6d5
r7/5p1k/2qpbQ1p/2pNp1pP/2P1P3/1P4R1/r4PP1/4R1K1 b - - 3 31,e6d5 e4d5 c6d7 f2f4 e5f4 e1e7 a2a1 g1h2 d7e7 f6e7 f4g3 h2g3 h7g7 e7d6
2k3rr/1pp5/2q5/3pQ3/4b1Pp/2P1P3/P4PP1/2R2RK1 b - - 0 25,g8g4 e5h8 c8d7 f2f3 g4g2 g1g2 c6g6 g2f2 g6g3 f2e2 g3g2 e2e1
7k/8/7p/2pp4/3q4/P6Q/2K4P/8 b - - 7 47,c5c4 h3c3 d4c3 c2c3 h8g7 a3a4 g7f8 a4a5 f8e7 a5a6 e7d6 a6a7
6k1/p4p2/1p2p3/1Pn1P3/2K5/4B3/6P1/8 b - - 3 43,g8f8 e3c5 b6c5 c4c5 f8e7 c5c6 f7f6 e5f6 e7f6 c6d6 e6e5 d6d5
2Q5/4b3/r3r1pk/5p2/p3p3/8/1P3PPK/8 b - - 1 44,a6c6 c8h8 h6g5 g2g3 g5g4 h2g2 f5f4 h8h3 g4g5 h3h4 g5f5 h4f4
5bk1/5p1p/2p1r1p1/4Pb2/P1Q5/2N5/3q1BPP/4R1K1 w - - 1 26,h2h3 f5d3 c4b3 f8c5 b3b8 g8g7 f2c5 d2e1 g1h2 e1e5 b8e5 e6e5 c5d4 g7f6
8/2r2p2/p4K2/6PP/1P6/P7/2pk4/7R b - - 2 44,c2c1q h1c1 c7c1 f6f7 c1h1 h5h6 d2e3 f7g7 e3f4 g5g6 f4g5 h6h7 h1h4 g7f7 h4h6 a3a4
2r4k/7p/4Q1p1/8/5p2/1B6/1q4KP/3R4 w - - 2 39,g2h3 c8c3 h3h4 b2h2 h4g5 c3g3 g5f6 h2b2 e6e5 b2e5 f6e5 g3b3
r4rk1/1b4pp/1q2pb1n/pp1p4/1Pp2P2/P1N3PB/1BPPQ2P/2KR3R b - - 1 22,a5b4 e2e6 b6e6 h3e6 g8h8 a3b4 d5d4 c3b5 c4c3 d2c3 b7h1 d1h1
r1b2r1k/1p2bppp/p1np4/4p2q/P3P3/2N1B1Q1/BP3PK1/R4RN1 w - - 4 19,f2f4 e7h4 g3h2 h5g4 g2h1 h4g3 h2h3 g4h3 g1h3 c8h3 f1f3 e5f4 e3f4 g3f4
1rb2rk1/6pp/1qNp4/1p2ppb1/4P3/2P5/1P3PPP/R2QKB1R w KQ - 2 18,d1d5 g8h8 c6b8 f5e4 f1e2 b6f2 e1d1 f2e3 b8d7 c8d7 d5d6 f8d8 h1f1 h8g8
r4rk1/p2b1p1p/2n3pQ/3pPp2/3P4/q1P2NP1/P4P1P/RN2K2R w KQ - 2 18,f3g5 a3c1 e1e2 c6d4 c3d4 d7b5 e2f3 c1h1 f3f4 h1c1 b1d2 c1d2 f4f3 d2e2 f3g2 e2h5
1r4k1/4pp1p/2Rp2p1/3P2P1/2P5/3Q3P/P4qP1/7K w - - 3 27,c6c7 b8b2 c7c8 g8g7 d3c3 f7f6 g5f6 e7f6 c3f3 b2b1 h1h2 f2g1 h2g3 b1f1 f3f1 g1f1
3rk3/R2n3p/1pB1p1p1/2p2p2/2P2K2/1P2P1P1/7P/8 b - - 1 27,h7h6 a7d7 d8d7 f4e5 e8d8 c6d7 d8d7 e5f6 g6g5 f6g6 d7e7 h2h3
4r1k1/pp3pn1/6p1/3B1bQp/2P2R1P/1P2p3/P2q2P1/5R1K w - - 0 27,f4f5 g6f5 f1f5 e3e2 d5f7 g8h8 g5d2 e2e1q d2e1 e8e1 h1h2 g7f5
2k2r1r/1pp5/p1nppq2/4p2p/4P3/P1NPB3/1PP1QRp1/R6K w - - 0 20,h1g2 f6h4 f2f8 h8f8 a1g1 c6d4 e3d4 e5d4 c3d1 f8g8 g2f1 h4h3 e2g2 g8g2
5r1r/1p1k1p2/p4R1p/3PP3/3Q4/p6P/6PK/2q5 b - - 2 30,f8e8 f6f7 d7c8 d4a7 e8e7 a7a8 c8c7 f7e7 c7b6 a8b7 b6a5 b7c7 c1c7 e7c7 h8b8 c7c1
6rk/p1p4n/1p2q3/4N2Q/4N3/7P/P4Pr1/5R1K b - - 3 32,g8f8 h1g2 f8f5 e5g6 h8g7 h5h7 g7h7 g6f8 f5f8 e4g5 h7g6 g5e6
8/4Kp1p/8/3P2Pn/1k5P/8/8/8 b - - 0 49,b4c5 d5d6 h5f4 d6d7 f4e6 h4h5 c5d5 h5h6 d5e5 e7f7 e6g5 f7g8 g5e6 g8h7
2k5/R2b1p2/1P1Kp1p1/3pP2p/5P2/1r4P1/7P/8 w - - 6 45,a7d7 b3b6 d6e7 b6b7 d7b7 c8b7 e7f7 d5d4 f7g6 d4d3 f4f5 d3d2 f5f6 d2d1q
8/8/ppp2k2/5P1p/PP2K2P/8/8/8 w - - 1 40,e4f4 a6a5 b4a5 b6a5 f4e4 c6c5 e4f4 c5c4 f4e4 c4c3 e4d3 f6f5 d3c3 f5g4 c3d2 g4h4
6R1/2k2r2/p7/1p2ppQ1/1P3n2/P2q3P/5PPK/8 b - - 1 47,d3e4 g5d8 c7c6 d8e8 f7d7 g8g7 e4d5 e8c8 c6b6 c8d7 d5d7 g7d7
8/pp3p2/3p3p/2p5/3PPP2/2P1K1k1/PP6/8 w - - 1 41,d4c5 d6c5 e4e5 g3g4 e3e4 h6h5 f4f5 g4g5 f5f6 h5h4 e5e6 g5f6
3r3r/2R3pp/1k3p2/2p5/8/2p2N2/5PPP/2R3K1 w - - 0 28,c7g7 c3c2 g7e7 d8d1 e7e1 d1c1 e1c1 h8d8 g1f1 d8d1 f1e2 d1c1
r1bqr1k1/ppp2ppp/2np4/2bN1N2/2B1n1Q1/8/PPP2PPP/R1B1R1K1 b - - 1 11,g7g6 e1e4 c8f5 e4e8 d8e8 d5f6 g8h8 g4h4 e8e1 c4f1 h7h5 h4f4 e1f2 f4f2 c5f2 g1f2
4R3/8/8/KP5r/3pk3/8/8/8 b - - 5 53,h5e5 e8e5 e4e5 b5b6 e5d6 a5a6 d4d3 b6b7 d6c7 a6a7 d3d2 b7b8q
6k1/pQ3pp1/4rb2/7p/q2p1B2/6PP/5P2/2R3K1 b - - 1 33,a4a3 c1c8 g8h7 b7f7 e6e1 g1g2 a3a5 f4d2 a5d2 f7h5 d2h6 h5f5 h6g6 c8h8 h7h8 f5g6
2rr2k1/1bq1bpp1/p3p3/1p2p2R/3NP3/P1N5/1PPQB3/1K1R4 b - - 0 21,e5d4 d1h1 f7f5 h5h8 g8f7 e2h5 f7f6 e4e5 f6e5 h1e1 e5d6 d2d4
8/8/3r3p/R2p1pk1/3K4/6P1/5P2/8 w - - 0 47,a5d5 d6d5 d4d5 g5g4 d5e5 h6h5 e5f6 f5f4 f6g6 f4f3 g6h6 h5h4 g3h4 g4h4
8/pp1k2p1/8/1PP5/3PK2R/4P1rp/8/8 w - - 4 41,e4f4 g7g5 f4g3 g5h4 g3h3 a7a5 e3e4 a5a4 e4e5 a4a3 c5c6 b7c6 b5b6 a3a2
2b4Q/2r1krp1/pp6/2qpp3/3R1P2/2PB3p/PP1K1P1P/6R1 w - - 4 28,d3g6 e5d4 g6f7 d4c3 d2e1 c5d4 h8e8 e7d6 e8d8 d6c6 f7d5 d4d5 g1g6 c8e6
8/8/1p6/p1pPk3/P1P3p1/1P6/5K2/8 b - - 1 41,e5f5 f2g3 f5g5 d5d6 g5f6 g3g4 f6e6 g4g5 e6d6 g5f6 d6d7 f6f7
8/4Kpp1/7p/4P1n1/4P3/1p6/k5PP/3N4 w - - 2 42,e5e6 f7e6 e4e5 a2a1 h2h4 g5e4 e7e6 e4f2 d1f2 b3b2 f2e4 b2b1q
R7/1p4pk/2Pq2rp/5Q2/5P2/4n2P/6P1/5RK1 w - - 2 30,f5c8 g6g2 g1h1 g2h2 h1h2 d6d2 h2g3 d2g2 g3h4 g7g5 h4h5 g2e2 c8g4 e3g4
8/6k1/2p4p/3p1P2/1p1P2P1/2b1B3/1p6/1K6 b - - 3 63,c6c5 d4c5 d5d4 e3f4 g7f7 c5c6 f7e8 f5f6 d4d3 f6f7 e8f7 c6c7 d3d2 f4d2
6k1/8/p3q3/1pQ1n1B1/2Pp4/PP1P2P1/5P2/6K1 w - - 1 37,f2f4 e5f3 g1f1 e6e1 f1g2 e1e2 g2h3 f3g1 h3h4 e2h2 h4g4 h2h3
6k1/pp5p/3NNKp1/7b/6r1/8/PP2r2P/2R5 b - - 2 42,e2f2 f6e7 h7h6 c1c8 g8h7 d6f7 g6g5 c8h8 h7g6 h8h6 g6f5 h6f6 f5e4 f6f2
2r3k1/p5pp/4N3/5p2/P1P5/4P3/1q3PPP/3Q2K1 b - - 0 31,c8c4 d1d8 g8f7 d8d7 f7g6 e6f8 g6h6 d7e6 g7g6 e6c4 b2a1 c4f1
8/5pp1/2k3p1/6P1/3K2P1/2P5/8/8 b - - 2 52,f7f5 g4f5 g6f5 g5g6 c6d6 c3c4 d6e6 c4c5 f5f4 d4e4 f4f3 e4f3
8/8/3k2pp/4p3/2KP3P/8/5P2/8 w - - 1 38,d4e5 d6e5 h4h5 g6g5 c4d3 e5f4 d3e2 f4g4 e2e3 g4h5 f2f3 h5g6
2kr2n1/1pp2pQ1/p3p3/3pPp1p/3n3q/2N5/PPP2PPP/R4RK1 w - - 0 17,g7f7 g8h6 f7f6 d4f3 g2f3 d8g8 g1h1 h4h3 f6e6 c8b8 e6g8 h6g8
8/5p2/8/1pk1pp1p/8/P2K1P1P/1P4P1/8 w - - 0 35,d3e3 c5c4 h3h4 f5f4 e3e4 f7f6 e4f5 c4b3 f5f6 b3b2 f6e5 b2a3 e5f4 b5b4
8/K1k5/6R1/Pr3pp1/7p/5PPP/8/8 w - - 0 43,g3h4 b5a5 g6a6 a5a6 a7a6 g5h4 a6b5 c7d6 b5c4 d6e5 c4d3 e5f4 d3e2 f4g3
4Rr2/k1pQ4/pqP5/8/2P2r2/1P5P/P5P1/3R3K w - - 3 33,d1e1 f4f1 e1f1 f8f1 h1h2 b6g1 h2g3 g1f2 g3g4 f2g2 g4h5 g2f3
8/6p1/p3p1k1/P2pPp2/3P1P1P/7K/8/8 b - - 5 38,g6f7 h4h5 f7g8 h3h4 g8h8 h4g5 h8h7 h5h6 g7h6 g5f6 h6h5 f6e6
8/4kp2/3qp1p1/3p2Pp/r2P1P1P/nP6/1KP1RQ2/4R3 w - - 0 37,f4f5 a3c4 b2c3 d6b4 c3d3 c4b2 d3e3 b4c3 e3f4 a4d4 f2d4 c3d4
2k5/ppp3bp/2n3p1/8/3qP2Q/1P1P3P/P1PKNrP1/R6R w - - 0 18,a1f1 d4c3 d2d1 f2e2 h4g4 c8b8 g4e2 c3a1 d1d2 g7h6 e2e3 h6e3
8/6p1/p7/P4k1p/4R2P/4p1K1/1P4P1/4r3 w - - 3 41,g3f3 e1f1 f3e2 f5e4 e2f1 e4d3 f1e1 e3e2 g2g3 g7g6 b2b3 d3c3 e1e2 c3b3
7R/1B6/P4r1p/2p5/2P4K/4kP2/2P5/r7 w - - 1 42,h4g4 a1g1 g4h3 f6f5 h8h6 g1h1 h3g4 f5f4 g4g5 h1g1 g5h5 f4f5
8/1p2npk1/p5pp/P7/3N4/5P2/5KPP/8 b - - 1 34,e7c6 d4c6 b7c6 f2e3 g7f6 e3d4 f6e7 d4c5 e7d7 c5b6 c6c5 b6c5
8/8/2p1p3/2PpP1p1/kPp3Pp/1bP2B1P/p7/K7 b - - 10 57,a4a3 b4b5 d5d4 b5b6 d4c3 f3e4 c3c2 e4c2 b3c2 b6b7 c2b1 b7b8q
8/1q6/3K4/1pQP4/1k6/8/8/8 b - - 24 67,b4a5 c5c6 b7b8 c6c7 b8c7 d6c7 b5b4 d5d6 a5a4 d6d7 b4b3 d7d8q
6k1/p2b1p1p/Pq4pP/1P2p3/2B2N2/b4P2/3Q2P1/5K2 b - - 0 33,e5f4 d2d7 b6f6 d7a7 f6a1 f1f2 a1b2 f2g1 b2c1 g1h2 c1c4 a7d7
4rr2/p6p/2p3pk/1p3q2/2pQNn2/2P2P1P/PP4P1/R2R2K1 w - - 5 26,d1e1 f4g2 g1g2 f5f3 g2g1 f8f4 e1e3 e8e4 e3f3 e4d4 f3f4 d4f4
r2q1rk1/ppp1b1pp/2np2n1/1B1N1b2/2P5/5N2/PP1Q1PPP/R1B1R1K1 b - - 1 12,f5g4 b5c6 b7c6 d5e7 g6e7 d2g5 g4f3 e1e7 d8e7 g5e7 f8e8 e7e8 a8e8 g2f3
8/8/8/1p4p1/4K1PP/2k5/2P5/8 b - - 0 52,g5h4 g4g5 h4h3 e4f3 b5b4 g5g6 c3c2 g6g7 h3h2 f3g2 b4b3 g7g8q
8/1R6/p5p1/7p/7P/2P3K1/r1k5/8 b - - 0 52,a2b2 b7b2 c2b2 c3c4 a6a5 c4c5 a5a4 c5c6 a4a3 c6c7 a3a2 c7c8q
8/8/1pk1Kp2/2np4/pBpP2P1/2P5/2P5/8 w - - 2 42,d4c5 b6c5 b4a3 d5d4 e6f6 d4d3 c2d3 c4d3 g4g5 d3d2 g5g6 d2d1q
8/3k2KP/4p3/2p1B3/5P2/7r/p7/8 w - - 0 56,h7h8q h3h8 g7h8 d7c6 h8g7 c6b5 g7f6 b5b4 f6e6 c5c4 f4f5 c4c3 f5f6 a2a1q f6f7 a1a2
3r2k1/Pb4p1/1P2pn2/2n4p/4p3/q3B1PP/P3Q1BK/1R6 b - - 0 30,d8d3 e3c5 a3c5 e2d3 e4d3 g2b7 c5c2 b7g2 c2b1 b6b7 f6d7 a7a8q
2r3k1/8/1P6/4p1p1/P2p1p2/8/K7/3R4 b - - 0 44,e5e4 b6b7 c8b8 d1b1 f4f3 a4a5 b8b7 b1b7 f3f2 b7b1 e4e3 a5a6 g8g7 a6a7
8/7p/p3p1p1/3pP1P1/KPk2P1P/8/8/8 w - - 4 45,a4a5 d5d4 f4f5 g6f5 h4h5 d4d3 g5g6 h7g6 h5g6 d3d2 g6g7 d2d1q
8/8/2kP4/2P4p/6p1/KP6/P4PP1/8 w - - 0 48,b3b4 h5h4 b4b5 c6d7 b5b6 d7c6 a3b4 h4h3 d6d7 c6d7 b6b7 d7c7
5rk1/1b3N2/pq4p1/1p1p4/3r4/1P3Q2/P6P/R4R1K b - - 0 25,d4h4 f7h6 g8h7 f3f8 d5d4 h1g1 d4d3 f1f2 b6e3 h6f5 e3g5 g1f1 g6f5 f8f7
4r1k1/p1pq3p/1p3P2/3b3Q/8/P2B4/R4KP1/8 b - - 2 31,d5a2 d3h7 g8f8 h5h6 f8f7 h6g7 f7e6 h7f5 e6f5 g7d7 f5f6 d7e8
8/pp4pp/5pb1/kPb5/P4QP1/3r3r/R4P2/1R4K1 w - - 7 36,f4c7 c5b6 c7b7 d3g3 g1f1 g6b1 f2g3 b1a2 b7g2 a2c4 f1e1 h3h6
2kq4/1p6/4p3/3P2bn/2P2n2/1P6/1BB5/1K4Q1 b - - 0 35,e6d5 c2f5 c8b8 b2e5 b8a8 g1c5 g5e7 c5b5 e7d6 f5c8 d8e7 e5d6
8/1p6/p1p5/2P1k1p1/1P1p1pP1/1P3P1P/3K4/8 w - - 0 39,d2d3 e5d5 d3c2 a6a5 b4a5 d5c5 c2d3 c5d5 b3b4 c6c5 b4b5 c5c4
8/8/1p6/6K1/2p4p/8/PP3kP1/8 w - - 1 67,g5h4 b6b5 g2g4 b5b4 g4g5 c4c3 b2c3 b4c3 g5g6 c3c2 g6g7 c2c1q
8/8/8/p3k1pp/P1P1p3/4K1PP/8/8 w - - 0 43,h3h4 g5g4 c4c5 e5d5 c5c6 d5c6 e3e4 c6c5 e4f4 c5b4 f4g5 b4a4
1r4k1/5ppp/2p1b3/p3r3/Pq1PP3/1n4PP/1P3QB1/1KNR1R2 w - - 0 27,c1a2 b4a4 a2c3 a4a1 b1c2 b3c1 d1c1 b8b2 c2d3 a1c1 d4e5 b2f2 f1c1 f2g2
r1b3k1/p1p3qp/2n2np1/4p1N1/3bP1P1/2NP1P2/P3B2Q/R3K2R w KQ - 1 21,a1c1 d4e3 c3d5 e3c1 d5f6 g7f6 h2h7 g8f8 h1h6 c6e7 h7h8 f6h8
2r2k1r/1p2bPp1/5q2/3p4/7p/P5B1/6PP/R2QR2K w - - 0 26,e1f1 h4g3 f1f6 h8h2 h1g1 e7c5 g1f1 h2h1 f1e2 h1d1 a1d1 g7f6
r2q1rk1/1p2p3/3p1P2/2pP3p/p1P5/1P3Q1P/P4R2/6K1 b - - 0 27,f8f6 f2g2 g8f8 f3h5 e7e5 d5e6 d8e8 h5h8 f8e7 h8g7 e7d8 g7f6
r4rk1/1b1nbp1p/p2p2pP/q5P1/2pBPP2/2N5/PPPQ4/1K1R3R b - - 2 19,d7c5 c3d5 a5d8 d4c5 d6c5 d2c3 f7f6 d5f6 e7f6 c3c4 f8f7 d1d8
r2k3r/1R4pp/4b3/p3N3/1b6/8/PB3PPP/5K1R w - - 0 21,e5f7 d8c8 b7b4 a5b4 f7h8 a8a2 b2g7 a2c2 g2g4 e6c4 f1g2 c4d5 g2g3 d5h1
8/8/8/2pK2p1/1k4P1/5P2/8/8 w - - 1 62,f3f4 g5f4 d5e4 c5c4 g4g5 c4c3 g5g6 c3c2 g6g7 c2c1q g7g8q c1e3 e4f5 f4f3 g8g3 e3c5
8/8/8/1r1k4/1P3pp1/R1K5/1P3P2/8 w - - 0 46,a3a5 b5a5 b4a5 g4g3 a5a6 d5c6 a6a7 c6b7 a7a8q b7a8 f2g3 f4g3 c3d2 g3g2
5r1k/pp2n1p1/6Q1/8/3P2pr/P1PB4/1P1q1PR1/5RK1 w - - 7 29,g6d6 d2d3 d6e7 f8f6 e7e8 h8h7 e8e3 d3f5 f1e1 f6h6 g1f1 h4h1
r4k2/7q/p3p1Rp/1p1pP2Q/2nP2P1/2P4N/PPn4P/7K w - - 3 29,g6h6 h7e4 h1g1 e4e1 g1g2 c2e3 g2f3 c4d2 f3f4 e1f1 h3f2 f1f2 f4g5 d2e4 g5g6 f2f7
4R3/8/8/3p4/P2kb3/4p3/1PP5/1K6 w - - 2 48,e8g8 e3e2 g8g1 d4e3 a4a5 e3d2 a5a6 e4c2 b1a2 d5d4 a6a7 c2e4
8/5p2/3kp3/6P1/3K1P2/8/8/8 b - - 6 59,d6c6 d4e5 c6d7 e5f6 d7e8 g5g6 e8f8 g6f7 e6e5 f6e5 f8f7 e5f5
r5k1/pp3ppp/4bn2/1B6/3R4/4B3/Pr3PPP/3R2K1 b - - 1 17,h7h6 d4d8 a8d8 d1d8 g8h7 b5d3 g7g6 e3d4 b2d2 d4f6 d2d1 d3f1 d1d8 f6d8
1r4k1/1p4pp/pPbr1p2/2N1pP1q/2Rp4/1P1Q3P/1P4PK/2R5 b - - 3 32,c6b5 c5b7 b8b7 c4c8 b5e8 c1c7 b7c7 b6c7 d6c6 d3e4 c6c1 e4d5 g8f8 d5d6
8/8/6k1/R7/P2P1K1r/8/8/8 w - - 1 49,f4e5 h4h5 e5e6 h5a5 d4d5 g6g7 d5d6 g7f8 d6d7 a5a6 e6e5 f8e7 d7d8b e7d8
8/2n5/6p1/1PP4p/P3pk2/7P/4K3/8 b - - 1 55,e4e3 b5b6 c7e6 b6b7 e6d4 e2e1 d4c6 a4a5 f4f3 a5a6 c6b4 b7b8q b4d3 e1d1 e3e2 d1c2
2k2r2/pbq2p2/p2b4/3p1Np1/4p3/4P1P1/1QP1B1P1/5RK1 b - - 0 31,d6g3 f5g3 c7g3 b2a3 f8d8 e2a6 g3d6 a6b7 c8b7 f1f7 b7c8 a3a7
8/p5p1/P4p2/1P3P2/2N1K2p/6k1/6P1/6b1 b - - 5 52,g3g2 c4e3 g2f2 b5b6 h4h3 b6a7 h3h2 e3g4 f2g3 g4h2 g1a7 h2f3 g3g4 f3d4
4rkr1/pp6/1b3P1p/5P2/Q2p4/P5qB/6P1/R4R1K b - - 0 29,e8e2 a4b4 f8f7 b4c4 f7f6 c4e2 b6c7 e2e6 f6g7 e6g6 g3g6 f5g6
3r4/8/N1p2p2/P4k2/1P2p3/4P1r1/3K4/1R1R4 w - - 2 45,d2e2 g3g2 e2f1 d8g8 d1e1 g2g1 f1e2 g8g2 e2d1 g1e1 d1e1 g2g1 e1d2 g1b1
6rk/1p3pq1/p2R4/P1pPp3/2N1Ppp1/5Q2/1P3P1K/8 w - - 0 35,f3g2 g4g3 f2g3 g7h7 g2h3 f4g3 h2g2 h7h3 g2h3 g3g2 d6h6 h8g7 h3g2 g7h6
3k4/p3R3/4Kp2/4p3/P7/7P/3r4/8 w - - 0 44,e6f6 d2d6 f6f7 d6d7 e7d7 d8d7 h3h4 e5e4 h4h5 e4e3 h5h6 e3e2 h6h7 e2e1q h7h8q e1e6
8/Q5pk/8/6q1/1P3np1/P6P/5PP1/6K1 w - - 0 34,h3g4 g5d5 f2f3 d5d1 g1h2 d1d2 a7g1 f4e2 g1c5 d2f4 h2h1 f4h6 c5h5 e2g3 h1h2 g3h5
4N3/5pk1/1p2P1p1/3p1pK1/1n1P1Q2/1P5P/2r5/q7 b - - 2 42,g7f8 g5f6 f7e6 f4d6 f8g8 d6e6 g8h8 f6f7 a1a7 f7f8 h8h7 e6f6 g6g5 f6g5
3r2r1/1kqnb1p1/7p/1Q2p1Pb/8/4BN1P/PPP2P2/2KRR3 b - - 0 20,d7b6 e3b6 c7b6 d1d7 d8d7 b5d7 b7b8 d7e7 h5f3 e7f7 g8d8 f7f3
8/kpQ3PK/3p2r1/p2P4/2P4P/6r1/8/8 w - - 5 47,h4h5 g6g7 c7g7 g3g7 h7g7 a5a4 h5h6 a4a3 h6h7 a3a2 g7g8 a2a1q
8/8/5p1p/1Kpk4/5PP1/1P6/8/8 w - - 5 52,b5b6 f6f5 g4f5 d5d6 f5f6 h6h5 f6f7 d6e7 b6c5 h5h4 c5d4 h4h3 f7f8r e7f8
8/7p/8/1ppk4/3b1pPP/1PKP1N2/2P5/8 w - - 2 37,f3d4 c5d4 c3d2 f4f3 d2e1 d5e5 g4g5 e5f4 e1f2 b5b4 h4h5 f4g5 f2f3 g5h5 f3e4 h5g4 e4d4 h7h5 d4e3 h5h4
8/kp1q3p/p5p1/6K1/2Q4P/P7/8/8 b - - 4 67,d7b5 c4b5 a6b5 g5h6 a7a6 h6h7 a6a5 h7g6 a5a4 h4h5 a4a3 h5h6 b5b4 h6h7 b4b3 h7h8q
8/5pkp/8/3P1pPK/8/8/8/8 b - - 0 53,f7f6 d5d6 g7f7 d6d7 f7e7 g5f6 e7d7 h5h6 d7e6 h6g7 f5f4 f6f7
r2qnrk1/1p3pp1/p2pb2p/2p1P3/4Q2b/2NB3P/PPP2P2/R3K1R1 b Q - 1 16,g7g6 g1g6 f7g6 e4g6 e8g7 g6h7 g8f7 d3g6 f7e7 h7g7 f8f7 g6f7 e6f7 c3d5
8/3r3p/1R6/4B3/1pk2PP1/2p5/7P/4K3 w - - 1 52,b6d6 d7d6 e5d6 b4b3 e1d1 c4d3 d1c1 b3b2 c1b1 c3c2 b1b2 d3d2 d6b4 d2d1 b2b3 c2c1q
6k1/pb3q1p/4pPpB/1pp1P2P/2p1P1Q1/P1Pr4/3r4/R5RK w - - 0 28,h5g6 b7e4 g1g2 e4g2 g4g2 d2d1 a1d1 d3d1 h1h2 h7g6 g2a8 g8h7
2k4r/ppp5/2nb1R2/3N2p1/3Pp3/1P2PbP1/PBPQ1KBq/R7 w - - 3 20,f6f3 e4f3 f2f3 g5g4 f3f2 d6g3 f2f1 h8f8 d5f4 g3f4 e3f4 f8f4 d2f4 h2f4
2k3rb/1pq4p/p1b5/2Pn4/2NN4/1P4p1/P4P1P/2RQ1RK1 w - - 0 21,f2g3 g8g3 g1f2 g3g2 f2g2 d5e3 g2g1 c7g7 g1f2 e3d1 c1d1 g7g2 f2e1 g2e4
8/7p/2N4P/8/1k1p4/3P1pK1/1P2b3/8 b - - 5 52,b4b3 c6d4 b3b2 d4e2 f3e2 g3f2 e2e1b f2e1 b2c3 e1e2 c3d4 e2d2
1r6/6pp/8/5P2/2kp2P1/3R3P/3K4/8 w - - 6 46,d2e2 b8b2 d3d2 b2d2 e2d2 c4d5 g4g5 d5e5 f5f6 g7f6 g5g6 h7g6
4B3/8/6p1/5p1k/P3pP1P/7K/5b2/8 b - - 0 51,f2h4 e8g6 h5g6 h3h4 g6f6 a4a5 e4e3 h4g3 e3e2 g3f2 e2e1q f2e1
3N3r/2p4p/p4p1k/2bQ4/6qN/8/P3K3/1R2R3 w - - 0 32,d5f3 g4c4 f3d3 h8e8 e2d2 c5b4 b1b4 c4b4 d3c3 b4c3 d2c3 e8e1
5r1r/pp3p2/2ppkN2/4q3/5QP1/3P4/PPP2PP1/R5K1 w - - 8 25,f4f3 e5h2 g1f1 h2h1 f1e2 h1a1 g4g5 e6e7 f3e3 e7d8 e3a7 f8e8
2bK4/2P5/8/4Pp1k/5P1P/p5P1/8/8 b - - 1 57,c8b7 e5e6 a3a2 c7c8q b7c8 e6e7 h5g4 e7e8q a2a1q e8g6 g4h3 d8c8
8/R1KP1pk1/p5p1/1p6/7p/8/PP6/3r4 w - - 0 41,d7d8q d1d8 c7d8 g6g5 d8e8 g5g4 a7f7 g7g6 f7f8 g4g3 e8d7 g6g5 d7e6 h4h3
3q2k1/2r3p1/p2p2Q1/3PpPp1/2P4p/5Nn1/P7/4R1K1 b - - 7 35,c7c4 f3g5 d8b6 g1g2 c4c2 g2h3 c2h2 h3h2 b6f2 h2h3 f2f5 g6f5
b2rr1k1/5pp1/1q3b1p/pp1nN3/6Q1/P5P1/1B3PBP/2R1R1K1 b - - 0 26,b5b4 g2d5 a8d5 e5d7 e8e1 c1e1 d8d7 e1e8 g8h7 g4d7 f6b2 d7d5
8/p7/3K2p1/8/1P3P2/6k1/8/8 w - - 0 38,d6c6 g3f4 b4b5 g6g5 c6b7 g5g4 b7a7 g4g3 a7a6 g3g2 b5b6 g2g1q
6k1/p2r1p2/1q4p1/2p2bNp/5P2/1Ppp1Q1P/P5P1/2B1R1K1 w - - 0 27,f3a8 g8g7 e1e8 d3d2 e8g8 g7f6 c1d2 c3d2 a8f8 d2d1q g1h2 d7b7
8/8/6p1/7p/1P1kp2P/1K4P1/8/8 w - - 0 48,b3c2 d4e3 b4b5 e3f3 b5b6 e4e3 b6b7 e3e2 c2d2 f3f2 b7b8q e2e1q
1r6/8/4p3/3p3p/P7/1P1kP2R/5P1K/8 b - - 2 53,b8b3 e3e4 d3c2 h3b3 c2b3 a4a5 d5d4 a5a6 d4d3 a6a7 d3d2 a7a8q d2d1q a8b7
8/1p4p1/pPp5/2P2kP1/P2K4/8/8/8 b - - 2 52,f5g5 d4e5 g5h4 e5d6 g7g5 d6c7 g5g4 c7b7 g4g3 b7c6 g3g2 b6b7 g2g1q b7b8q
rr4k1/5p1p/3p2p1/3PP3/2p2P2/p1P1Q1PP/R2R2K1/2q5 w - - 4 32,e5e6 b8b2 e6f7 g8f8 a2b2 a3b2 f4f5 c1d2 e3d2 b2b1q d2h6 f8e7
2qr1rk1/p4pp1/1p1p3p/2p1pb1Q/2P4P/2P4B/P3P1R1/2B3K1 b - - 0 27,f5h3 c1h6 c8f5 g2g7 g8h8 g7g5 f5g6 h6f8 g6h5 g5h5 h8g8 f8e7 h3g4 h5g5
8/6k1/3p1p2/1p1PpPpp/1P2P2P/P6K/8/8 w - - 3 51,h3g3 g5h4 g3h4 g7h6 a3a4 b5a4 b4b5 a4a3 b5b6 a3a2 b6b7 a2a1q
5b1k/7p/1q2Bpp1/3Q1P2/1p5P/2r3P1/P4P2/3R2K1 w - - 0 39,d5d7 c3g3 g1f1 b6a6 f1e1 g3g1 e1d2 f8h6 d2c2 a6e2 c2b3 e2d1 d7d1 g1d1
1k4r1/pp3p1p/2p1p3/5p1q/1P1P3r/P2R4/2Q3P1/3RN1K1 w - - 1 31,e1f3 h4h1 g1f2 g8g2 f2g2 h5h3 g2f2 h1h2 f3h2 h3h2 f2f3 h2c2
8/8/4p3/p1kpQ3/Pq6/4p3/1N6/1K6 w - - 2 63,e5e6 b4e4 e6e4 d5e4 b1c1 c5b4 c1c2 e3e2 c2d2 b4b3 d2e2 b3b2
5qk1/8/p3p1Q1/1p1r2P1/1P4nP/P1pP4/2P3P1/2B4K b - - 0 30,f8g7 g6e6 g7f7 e6g4 d5f5 h1h2 f5f1 g4c8 g8h7 c1e3 f1e1 c8c5
5rk1/bpp2p2/p1p3n1/4pP2/7q/2NP1Q2/PPP4K/R1B3R1 w - - 1 29,f3h3 a7g1 h2g2 h4f2 g2h1 f2e1 c1e3 e1a1 e3g1 g8g7 f5g6 f8h8 h3h8 g7h8
4r1k1/5pp1/nN1P1n1p/Q4P2/8/P3Nq1b/5P1P/R1R3K1 w - - 1 35,b6d5 f6g4 c1c2 g4e3 d5e3 e8e4 a5d8 g8h7 d8a8 e4g4 e3g4 f3a8
6k1/2q1r2p/p2bPrpQ/2p5/2B3R1/1PN4P/P5P1/6K1 b - - 4 33,d6f4 g4f4 c7f4 h6f4 f6f4 c3d5 f4c4 d5e7 g8f8 e7g6 f8g7 b3c4
rnbq1rk1/pp3pp1/4p2p/2pp3Q/7P/1BPP4/P1P2P2/R1B1K2R b KQ - 1 14,b7b5 c1h6 d8f6 h6g7 f6g7 e1e2 g7h7 a1g1 g8h8 h5f3 f7f6 g1g5
8/5p1p/6pk/2K1p3/4P3/1P3P2/5P2/8 b - - 1 37,h6g5 b3b4 h7h5 b4b5 h5h4 b5b6 h4h3 b6b7 h3h2 b7b8q h2h1q b8e5
2k3r1/Q1p4p/Bp1r2q1/8/3bb3/2R2P2/P5PP/R6K b - - 3 28,c8d7 c3c7 d7e6 a6c4 e4d5 c4d5 e6d5 a7b7 d5e5 a1e1 e5f6 g2g4 g8e8 c7e7
8/2p3p1/1b3p2/pPk1p2p/P1N1P3/2PK3P/6P1/8 w - - 2 30,c4b6 c5b6 d3c4 c7c6 b5c6 b6c6 g2g3 g7g6 g3g4 h5h4 c4d3 c6c5 d3c2 c5c4 c2d2 c4b3
8/8/4k3/p1p2p1p/2Kp1P2/PPp5/2P3PP/8 b - - 2 39,e6d6 b3b4 a5b4 a3b4 c5b4 c4d4 b4b3 d4c3 b3c2 c3c2 d6d5 c2d3
r2k3r/pppb1Rqp/2np4/8/8/N7/PPP3PP/4RQ1K b - - 10 20,g7h6 f7d7 d8d7 f1f7 d7d8 a3b5 a8c8 b5d4 c6e5 d4e6 h6e6 f7e6
8/8/4r1p1/pk3p1p/5P2/KP4P1/2R4P/8 b - - 0 43,e6c6 c2c6 b5c6 a3a4 c6b6 b3b4 a5b4 a4b4 b6c6 b4c4 c6d6 c4d4 h5h4 g3h4
8/5pk1/5n1p/P7/1P1P4/7p/6r1/R1R2K2 w - - 0 45,a5a6 f6e4 a1a3 e4d2 f1e1 h3h2 a3h3 d2f3 e1f1 g2g1 f1f2 g1c1
8/8/6p1/K1k1p3/4Pp1P/P4P2/8/8 w - - 0 43,a5a6 c5d4 a3a4 d4e3 a6b6 e3f3 a4a5 f3e3 a5a6 f4f3 a6a7 f3f2 a7a8q f2f1q
8/2p3rk/3p4/3Pp3/P3Pp2/1P1P1R2/4KQq1/8 w - - 4 39,a4a5 g2h1 f2f1 g7g2 e2e1 h1h4 f3f2 f4f3 a5a6 g2h2 a6a7 h2h1 f1h1 h4h1
8/2R2pp1/4k3/1P2P2p/8/1R3P2/5P1K/r2r4 w - - 1 28,f3f4 d1h1 h2g2 a1g1 g2f3 h1h3 f3e4 f7f5 e5f6 h3b3 f6f7 g1e1 e4d4 b3b4
8/5p1p/1p2k1p1/2p3PP/p1P1K1P1/P1P5/8/8 b - - 0 41,g6h5 g4h5 f7f6 g5f6 e6f6 e4d5 f6g5 d5c6 g5h5 c6b6 h5g4 b6c5
8/7p/8/8/6K1/2k5/5P2/8 b - - 3 73,c3d3 f2f4 d3e4 f4f5 e4d5 g4h5 d5d6 h5h6 d6e5 h6g5 h7h6 g5g6 h6h5 f5f6
r2q2k1/1p3pp1/p2p1n1p/2pP4/1PP2Pbb/P2Br2P/1BQ3PK/R4R1N w - - 5 21,h3g4 f6g4 h2g1 h4g3 h1g3 d8h4 d3h7 g8f8 b2g7 f8e8 f1e1 h4h2 g1f1 h2g3
r2r2k1/p4pp1/1p2p3/2p3PQ/3P1q2/8/PPP2P2/1K1R2R1 b - - 0 24,d8d4 d1d4 f4d4 g1h1 g7g6 h5h7 g8f8 h7h8 d4h8 h1h8 f8g7 h8a8
